dest_id,name,type,base_cost
Goa,Goa,Beach,4996.32
Kerala,Kerala,City,9605.71
Jaipur,Jaipur,Historic,7855.95
Udaipur,Udaipur,Historic,6789.27
Agra,Agra,Historic,3248.15
Varanasi,Varanasi,City,3247.96
Delhi,Delhi,City,2464.67
Mumbai,Mumbai,City,8929.41
Hyderabad,Hyderabad,City,6808.92
Bengaluru,Bengaluru,City,7664.58
Chennai,Chennai,City,2164.68
Kolkata,Kolkata,City,9759.28
Amritsar,Amritsar,City,8659.54
Rishikesh,Rishikesh,City,3698.71
Manali,Manali,Mountain,3454.6
Shimla,Shimla,Mountain,3467.24
Leh,Leh,Mountain,4433.94
Srinagar,Srinagar,Mountain,6198.05
Darjeeling,Darjeeling,Mountain,5455.56
Sikkim,Sikkim,Mountain,4329.83
Ooty,Ooty,Mountain,6894.82
Mysuru,Mysuru,Historic,3115.95
Coorg,Coorg,City,4337.16
Pondicherry,Pondicherry,Beach,4930.89
Andaman,Andaman,Beach,5648.56
Lakshadweep,Lakshadweep,Beach,8281.41
Ranthambore,Ranthambore,Nature,3597.39
Jaisalmer,Jaisalmer,Historic,6113.88
Jodhpur,Jodhpur,Historic,6739.32
Munnar,Munnar,Mountain,2371.6
Wayanad,Wayanad,Mountain,6860.36
Hampi,Hampi,Historic,3364.19
Gokarna,Gokarna,Beach,2520.41
Kodaikanal,Kodaikanal,Mountain,9591.08
Mahabaleshwar,Mahabaleshwar,City,9725.06
Nashik,Nashik,City,8467.18
Ajanta_Ellora,Ajanta_Ellora,Historic,4436.91
Kutch,Kutch,Nature,2781.38
Jim_Corbett,Jim_Corbett,Nature,7473.86
Kaziranga,Kaziranga,Nature,5521.22
Meghalaya,Meghalaya,Nature,2976.31
Tawang,Tawang,City,5961.42
Khajuraho,Khajuraho,Historic,2275.11
Bodh_Gaya,Bodh_Gaya,Historic,9274.56
Visakhapatnam,Visakhapatnam,Beach,4070.24
Rann_of_Kutch,Rann_of_Kutch,Nature,7300.18
Madurai,Madurai,City,4493.69
Puri,Puri,Beach,6160.54
Rajasthan,Rajasthan,City,6373.68
Madhya_Pradesh,Madhya_Pradesh,City,3478.84
