flight_id,dest_id,airline,price,duration_hours
Goa_F0,Goa,Airline_0,12257.33,3.3
Goa_F1,Goa,Airline_1,9640.39,2.7
Kerala_F0,Kerala,Airline_0,9643.06,4.0
Kerala_F1,Kerala,Airline_1,4617.65,4.3
Jaipur_F0,Jaipur,Airline_0,9693.19,1.6
Jaipur_F1,Jaipur,Airline_1,6486.79,5.0
Udaipur_F0,Udaipur,Airline_0,2717.75,4.5
Udaipur_F1,Udaipur,Airline_1,8876.35,4.8
Agra_F0,Agra,Airline_0,14317.31,1.7
Agra_F1,Agra,Airline_1,7544.69,3.9
Varanasi_F0,Varanasi,Airline_0,8082.19,3.5
Varanasi_F1,Varanasi,Airline_1,5989.94,1.5
Delhi_F0,Delhi,Airline_0,14210.85,4.5
Delhi_F1,Delhi,Airline_1,5575.36,2.6
Mumbai_F0,Mumbai,Airline_0,10493.7,3.3
Mumbai_F1,Mumbai,Airline_1,14691.39,3.9
Hyderabad_F0,Hyderabad,Airline_0,3057.15,1.9
Hyderabad_F1,Hyderabad,Airline_1,5359.08,1.5
Bengaluru_F0,Bengaluru,Airline_0,6394.04,4.0
Bengaluru_F1,Bengaluru,Airline_1,7192.42,1.6
Chennai_F0,Chennai,Airline_0,14946.78,2.2
Chennai_F1,Chennai,Airline_1,8362.78,3.2
Kolkata_F0,Kolkata,Airline_0,6104.61,2.7
Kolkata_F1,Kolkata,Airline_1,2982.68,1.1
Amritsar_F0,Amritsar,Airline_0,6506.75,1.9
Amritsar_F1,Amritsar,Airline_1,2147.77,3.4
Rishikesh_F0,Rishikesh,Airline_0,9444.5,2.4
Rishikesh_F1,Rishikesh,Airline_1,9642.42,2.2
Manali_F0,Manali,Airline_0,8828.61,3.5
Manali_F1,Manali,Airline_1,2153.87,1.6
Shimla_F0,Shimla,Airline_0,14103.17,3.7
Shimla_F1,Shimla,Airline_1,3630.1,1.1
Leh_F0,Leh,Airline_0,13202.64,4.3
Leh_F1,Leh,Airline_1,5415.67,3.8
Srinagar_F0,Srinagar,Airline_0,5164.41,1.5
Srinagar_F1,Srinagar,Airline_1,2132.64,2.4
Darjeeling_F0,Darjeeling,Airline_0,6133.48,4.3
Darjeeling_F1,Darjeeling,Airline_1,2424.39,1.3
Sikkim_F0,Sikkim,Airline_0,5683.04,2.6
Sikkim_F1,Sikkim,Airline_1,6402.28,2.1
Ooty_F0,Ooty,Airline_0,9470.26,4.5
Ooty_F1,Ooty,Airline_1,7303.32,1.0
Mysuru_F0,Mysuru,Airline_0,10849.27,2.4
Mysuru_F1,Mysuru,Airline_1,8445.49,2.5
Coorg_F0,Coorg,Airline_0,2174.76,3.2
Coorg_F1,Coorg,Airline_1,8807.42,3.1
Pondicherry_F0,Pondicherry,Airline_0,14845.46,4.6
Pondicherry_F1,Pondicherry,Airline_1,9289.86,2.8
Andaman_F0,Andaman,Airline_0,10092.5,3.4
Andaman_F1,Andaman,Airline_1,9885.17,4.8
Lakshadweep_F0,Lakshadweep,Airline_0,10847.26,2.7
Lakshadweep_F1,Lakshadweep,Airline_1,5447.61,4.2
Ranthambore_F0,Ranthambore,Airline_0,5596.24,3.4
Ranthambore_F1,Ranthambore,Airline_1,13748.34,1.0
Jaisalmer_F0,Jaisalmer,Airline_0,12848.72,1.2
Jaisalmer_F1,Jaisalmer,Airline_1,10694.05,1.1
Jodhpur_F0,Jodhpur,Airline_0,6881.08,3.9
Jodhpur_F1,Jodhpur,Airline_1,12684.68,3.3
Munnar_F0,Munnar,Airline_0,11562.75,1.8
Munnar_F1,Munnar,Airline_1,5770.86,2.7
Wayanad_F0,Wayanad,Airline_0,12057.62,3.2
Wayanad_F1,Wayanad,Airline_1,9604.96,3.5
Hampi_F0,Hampi,Airline_0,14700.02,1.9
Hampi_F1,Hampi,Airline_1,12518.18,3.1
Gokarna_F0,Gokarna,Airline_0,9535.89,4.8
Gokarna_F1,Gokarna,Airline_1,9957.89,4.5
Kodaikanal_F0,Kodaikanal,Airline_0,13056.06,2.5
Kodaikanal_F1,Kodaikanal,Airline_1,6994.64,4.0
Mahabaleshwar_F0,Mahabaleshwar,Airline_0,10910.26,2.0
Mahabaleshwar_F1,Mahabaleshwar,Airline_1,2812.72,4.9
Nashik_F0,Nashik,Airline_0,13365.79,2.8
Nashik_F1,Nashik,Airline_1,5333.13,1.6
Ajanta_Ellora_F0,Ajanta_Ellora,Airline_0,4337.11,2.3
Ajanta_Ellora_F1,Ajanta_Ellora,Airline_1,12261.41,1.7
Kutch_F0,Kutch,Airline_0,10786.89,1.9
Kutch_F1,Kutch,Airline_1,9011.47,2.0
Jim_Corbett_F0,Jim_Corbett,Airline_0,10627.54,3.0
Jim_Corbett_F1,Jim_Corbett,Airline_1,9866.5,4.2
Kaziranga_F0,Kaziranga,Airline_0,8785.81,1.4
Kaziranga_F1,Kaziranga,Airline_1,9715.76,1.2
Meghalaya_F0,Meghalaya,Airline_0,11496.74,2.9
Meghalaya_F1,Meghalaya,Airline_1,9355.25,1.3
Tawang_F0,Tawang,Airline_0,14977.0,3.8
Tawang_F1,Tawang,Airline_1,8200.19,1.6
Khajuraho_F0,Khajuraho,Airline_0,11998.52,3.2
Khajuraho_F1,Khajuraho,Airline_1,9410.25,4.1
Bodh_Gaya_F0,Bodh_Gaya,Airline_0,14166.34,4.8
Bodh_Gaya_F1,Bodh_Gaya,Airline_1,12131.21,3.9
Visakhapatnam_F0,Visakhapatnam,Airline_0,13724.38,1.7
Visakhapatnam_F1,Visakhapatnam,Airline_1,6892.9,4.5
Rann_of_Kutch_F0,Rann_of_Kutch,Airline_0,5720.81,4.5
Rann_of_Kutch_F1,Rann_of_Kutch,Airline_1,5011.56,2.3
Madurai_F0,Madurai,Airline_0,11549.54,1.6
Madurai_F1,Madurai,Airline_1,3672.78,1.3
Puri_F0,Puri,Airline_0,10323.36,1.9
Puri_F1,Puri,Airline_1,8163.89,4.6
Rajasthan_F0,Rajasthan,Airline_0,11905.75,1.2
Rajasthan_F1,Rajasthan,Airline_1,6723.57,3.2
Madhya_Pradesh_F0,Madhya_Pradesh,Airline_0,9492.63,2.8
Madhya_Pradesh_F1,Madhya_Pradesh,Airline_1,5636.31,1.3
