group_id,members
IND_G0001,"IND_00001,IND_00002,IND_00003,IND_00004"
IND_G0002,"IND_00005,IND_00006,IND_00007,IND_00008"
IND_G0003,"IND_00009,IND_00010,IND_00011,IND_00012"
IND_G0004,"IND_00013,IND_00014,IND_00015,IND_00016"
IND_G0005,"IND_00017,IND_00018,IND_00019,IND_00020"
IND_G0006,"IND_00021,IND_00022,IND_00023,IND_00024"
IND_G0007,"IND_00025,IND_00026,IND_00027,IND_00028"
IND_G0008,"IND_00029,IND_00030,IND_00031,IND_00032"
IND_G0009,"IND_00033,IND_00034,IND_00035,IND_00036"
IND_G0010,"IND_00037,IND_00038,IND_00039,IND_00040"
IND_G0011,"IND_00041,IND_00042,IND_00043,IND_00044"
IND_G0012,"IND_00045,IND_00046,IND_00047,IND_00048"
IND_G0013,"IND_00049,IND_00050,IND_00051,IND_00052"
IND_G0014,"IND_00053,IND_00054,IND_00055,IND_00056"
IND_G0015,"IND_00057,IND_00058,IND_00059,IND_00060"
IND_G0016,"IND_00061,IND_00062,IND_00063,IND_00064"
IND_G0017,"IND_00065,IND_00066,IND_00067,IND_00068"
IND_G0018,"IND_00069,IND_00070,IND_00071,IND_00072"
IND_G0019,"IND_00073,IND_00074,IND_00075,IND_00076"
IND_G0020,"IND_00077,IND_00078,IND_00079,IND_00080"
IND_G0021,"IND_00081,IND_00082,IND_00083,IND_00084"
IND_G0022,"IND_00085,IND_00086,IND_00087,IND_00088"
IND_G0023,"IND_00089,IND_00090,IND_00091,IND_00092"
IND_G0024,"IND_00093,IND_00094,IND_00095,IND_00096"
IND_G0025,"IND_00097,IND_00098,IND_00099,IND_00100"
IND_G0026,"IND_00101,IND_00102,IND_00103,IND_00104"
IND_G0027,"IND_00105,IND_00106,IND_00107,IND_00108"
IND_G0028,"IND_00109,IND_00110,IND_00111,IND_00112"
IND_G0029,"IND_00113,IND_00114,IND_00115,IND_00116"
IND_G0030,"IND_00117,IND_00118,IND_00119,IND_00120"
IND_G0031,"IND_00121,IND_00122,IND_00123,IND_00124"
IND_G0032,"IND_00125,IND_00126,IND_00127,IND_00128"
IND_G0033,"IND_00129,IND_00130,IND_00131,IND_00132"
IND_G0034,"IND_00133,IND_00134,IND_00135,IND_00136"
IND_G0035,"IND_00137,IND_00138,IND_00139,IND_00140"
IND_G0036,"IND_00141,IND_00142,IND_00143,IND_00144"
IND_G0037,"IND_00145,IND_00146,IND_00147,IND_00148"
IND_G0038,"IND_00149,IND_00150,IND_00151,IND_00152"
IND_G0039,"IND_00153,IND_00154,IND_00155,IND_00156"
IND_G0040,"IND_00157,IND_00158,IND_00159,IND_00160"
IND_G0041,"IND_00161,IND_00162,IND_00163,IND_00164"
IND_G0042,"IND_00165,IND_00166,IND_00167,IND_00168"
IND_G0043,"IND_00169,IND_00170,IND_00171,IND_00172"
IND_G0044,"IND_00173,IND_00174,IND_00175,IND_00176"
IND_G0045,"IND_00177,IND_00178,IND_00179,IND_00180"
IND_G0046,"IND_00181,IND_00182,IND_00183,IND_00184"
IND_G0047,"IND_00185,IND_00186,IND_00187,IND_00188"
IND_G0048,"IND_00189,IND_00190,IND_00191,IND_00192"
IND_G0049,"IND_00193,IND_00194,IND_00195,IND_00196"
IND_G0050,"IND_00197,IND_00198,IND_00199,IND_00200"
IND_G0051,"IND_00201,IND_00202,IND_00203,IND_00204"
IND_G0052,"IND_00205,IND_00206,IND_00207,IND_00208"
IND_G0053,"IND_00209,IND_00210,IND_00211,IND_00212"
IND_G0054,"IND_00213,IND_00214,IND_00215,IND_00216"
IND_G0055,"IND_00217,IND_00218,IND_00219,IND_00220"
IND_G0056,"IND_00221,IND_00222,IND_00223,IND_00224"
IND_G0057,"IND_00225,IND_00226,IND_00227,IND_00228"
IND_G0058,"IND_00229,IND_00230,IND_00231,IND_00232"
IND_G0059,"IND_00233,IND_00234,IND_00235,IND_00236"
IND_G0060,"IND_00237,IND_00238,IND_00239,IND_00240"
IND_G0061,"IND_00241,IND_00242,IND_00243,IND_00244"
IND_G0062,"IND_00245,IND_00246,IND_00247,IND_00248"
IND_G0063,"IND_00249,IND_00250,IND_00251,IND_00252"
IND_G0064,"IND_00253,IND_00254,IND_00255,IND_00256"
IND_G0065,"IND_00257,IND_00258,IND_00259,IND_00260"
IND_G0066,"IND_00261,IND_00262,IND_00263,IND_00264"
IND_G0067,"IND_00265,IND_00266,IND_00267,IND_00268"
IND_G0068,"IND_00269,IND_00270,IND_00271,IND_00272"
IND_G0069,"IND_00273,IND_00274,IND_00275,IND_00276"
IND_G0070,"IND_00277,IND_00278,IND_00279,IND_00280"
IND_G0071,"IND_00281,IND_00282,IND_00283,IND_00284"
IND_G0072,"IND_00285,IND_00286,IND_00287,IND_00288"
IND_G0073,"IND_00289,IND_00290,IND_00291,IND_00292"
IND_G0074,"IND_00293,IND_00294,IND_00295,IND_00296"
IND_G0075,"IND_00297,IND_00298,IND_00299,IND_00300"
IND_G0076,"IND_00301,IND_00302,IND_00303,IND_00304"
IND_G0077,"IND_00305,IND_00306,IND_00307,IND_00308"
IND_G0078,"IND_00309,IND_00310,IND_00311,IND_00312"
IND_G0079,"IND_00313,IND_00314,IND_00315,IND_00316"
IND_G0080,"IND_00317,IND_00318,IND_00319,IND_00320"
IND_G0081,"IND_00321,IND_00322,IND_00323,IND_00324"
IND_G0082,"IND_00325,IND_00326,IND_00327,IND_00328"
IND_G0083,"IND_00329,IND_00330,IND_00331,IND_00332"
IND_G0084,"IND_00333,IND_00334,IND_00335,IND_00336"
IND_G0085,"IND_00337,IND_00338,IND_00339,IND_00340"
IND_G0086,"IND_00341,IND_00342,IND_00343,IND_00344"
IND_G0087,"IND_00345,IND_00346,IND_00347,IND_00348"
IND_G0088,"IND_00349,IND_00350,IND_00351,IND_00352"
IND_G0089,"IND_00353,IND_00354,IND_00355,IND_00356"
IND_G0090,"IND_00357,IND_00358,IND_00359,IND_00360"
IND_G0091,"IND_00361,IND_00362,IND_00363,IND_00364"
IND_G0092,"IND_00365,IND_00366,IND_00367,IND_00368"
IND_G0093,"IND_00369,IND_00370,IND_00371,IND_00372"
IND_G0094,"IND_00373,IND_00374,IND_00375,IND_00376"
IND_G0095,"IND_00377,IND_00378,IND_00379,IND_00380"
IND_G0096,"IND_00381,IND_00382,IND_00383,IND_00384"
IND_G0097,"IND_00385,IND_00386,IND_00387,IND_00388"
IND_G0098,"IND_00389,IND_00390,IND_00391,IND_00392"
IND_G0099,"IND_00393,IND_00394,IND_00395,IND_00396"
IND_G0100,"IND_00397,IND_00398,IND_00399,IND_00400"
IND_G0101,"IND_00401,IND_00402,IND_00403,IND_00404"
IND_G0102,"IND_00405,IND_00406,IND_00407,IND_00408"
IND_G0103,"IND_00409,IND_00410,IND_00411,IND_00412"
IND_G0104,"IND_00413,IND_00414,IND_00415,IND_00416"
IND_G0105,"IND_00417,IND_00418,IND_00419,IND_00420"
IND_G0106,"IND_00421,IND_00422,IND_00423,IND_00424"
IND_G0107,"IND_00425,IND_00426,IND_00427,IND_00428"
IND_G0108,"IND_00429,IND_00430,IND_00431,IND_00432"
IND_G0109,"IND_00433,IND_00434,IND_00435,IND_00436"
IND_G0110,"IND_00437,IND_00438,IND_00439,IND_00440"
IND_G0111,"IND_00441,IND_00442,IND_00443,IND_00444"
IND_G0112,"IND_00445,IND_00446,IND_00447,IND_00448"
IND_G0113,"IND_00449,IND_00450,IND_00451,IND_00452"
IND_G0114,"IND_00453,IND_00454,IND_00455,IND_00456"
IND_G0115,"IND_00457,IND_00458,IND_00459,IND_00460"
IND_G0116,"IND_00461,IND_00462,IND_00463,IND_00464"
IND_G0117,"IND_00465,IND_00466,IND_00467,IND_00468"
IND_G0118,"IND_00469,IND_00470,IND_00471,IND_00472"
IND_G0119,"IND_00473,IND_00474,IND_00475,IND_00476"
IND_G0120,"IND_00477,IND_00478,IND_00479,IND_00480"
IND_G0121,"IND_00481,IND_00482,IND_00483,IND_00484"
IND_G0122,"IND_00485,IND_00486,IND_00487,IND_00488"
IND_G0123,"IND_00489,IND_00490,IND_00491,IND_00492"
IND_G0124,"IND_00493,IND_00494,IND_00495,IND_00496"
IND_G0125,"IND_00497,IND_00498,IND_00499,IND_00500"
IND_G0126,"IND_00501,IND_00502,IND_00503,IND_00504"
IND_G0127,"IND_00505,IND_00506,IND_00507,IND_00508"
IND_G0128,"IND_00509,IND_00510,IND_00511,IND_00512"
IND_G0129,"IND_00513,IND_00514,IND_00515,IND_00516"
IND_G0130,"IND_00517,IND_00518,IND_00519,IND_00520"
IND_G0131,"IND_00521,IND_00522,IND_00523,IND_00524"
IND_G0132,"IND_00525,IND_00526,IND_00527,IND_00528"
IND_G0133,"IND_00529,IND_00530,IND_00531,IND_00532"
IND_G0134,"IND_00533,IND_00534,IND_00535,IND_00536"
IND_G0135,"IND_00537,IND_00538,IND_00539,IND_00540"
IND_G0136,"IND_00541,IND_00542,IND_00543,IND_00544"
IND_G0137,"IND_00545,IND_00546,IND_00547,IND_00548"
IND_G0138,"IND_00549,IND_00550,IND_00551,IND_00552"
IND_G0139,"IND_00553,IND_00554,IND_00555,IND_00556"
IND_G0140,"IND_00557,IND_00558,IND_00559,IND_00560"
IND_G0141,"IND_00561,IND_00562,IND_00563,IND_00564"
IND_G0142,"IND_00565,IND_00566,IND_00567,IND_00568"
IND_G0143,"IND_00569,IND_00570,IND_00571,IND_00572"
IND_G0144,"IND_00573,IND_00574,IND_00575,IND_00576"
IND_G0145,"IND_00577,IND_00578,IND_00579,IND_00580"
IND_G0146,"IND_00581,IND_00582,IND_00583,IND_00584"
IND_G0147,"IND_00585,IND_00586,IND_00587,IND_00588"
IND_G0148,"IND_00589,IND_00590,IND_00591,IND_00592"
IND_G0149,"IND_00593,IND_00594,IND_00595,IND_00596"
IND_G0150,"IND_00597,IND_00598,IND_00599,IND_00600"
IND_G0151,"IND_00601,IND_00602,IND_00603,IND_00604"
IND_G0152,"IND_00605,IND_00606,IND_00607,IND_00608"
IND_G0153,"IND_00609,IND_00610,IND_00611,IND_00612"
IND_G0154,"IND_00613,IND_00614,IND_00615,IND_00616"
IND_G0155,"IND_00617,IND_00618,IND_00619,IND_00620"
IND_G0156,"IND_00621,IND_00622,IND_00623,IND_00624"
IND_G0157,"IND_00625,IND_00626,IND_00627,IND_00628"
IND_G0158,"IND_00629,IND_00630,IND_00631,IND_00632"
IND_G0159,"IND_00633,IND_00634,IND_00635,IND_00636"
IND_G0160,"IND_00637,IND_00638,IND_00639,IND_00640"
IND_G0161,"IND_00641,IND_00642,IND_00643,IND_00644"
IND_G0162,"IND_00645,IND_00646,IND_00647,IND_00648"
IND_G0163,"IND_00649,IND_00650,IND_00651,IND_00652"
IND_G0164,"IND_00653,IND_00654,IND_00655,IND_00656"
IND_G0165,"IND_00657,IND_00658,IND_00659,IND_00660"
IND_G0166,"IND_00661,IND_00662,IND_00663,IND_00664"
IND_G0167,"IND_00665,IND_00666,IND_00667,IND_00668"
IND_G0168,"IND_00669,IND_00670,IND_00671,IND_00672"
IND_G0169,"IND_00673,IND_00674,IND_00675,IND_00676"
IND_G0170,"IND_00677,IND_00678,IND_00679,IND_00680"
IND_G0171,"IND_00681,IND_00682,IND_00683,IND_00684"
IND_G0172,"IND_00685,IND_00686,IND_00687,IND_00688"
IND_G0173,"IND_00689,IND_00690,IND_00691,IND_00692"
IND_G0174,"IND_00693,IND_00694,IND_00695,IND_00696"
IND_G0175,"IND_00697,IND_00698,IND_00699,IND_00700"
IND_G0176,"IND_00701,IND_00702,IND_00703,IND_00704"
IND_G0177,"IND_00705,IND_00706,IND_00707,IND_00708"
IND_G0178,"IND_00709,IND_00710,IND_00711,IND_00712"
IND_G0179,"IND_00713,IND_00714,IND_00715,IND_00716"
IND_G0180,"IND_00717,IND_00718,IND_00719,IND_00720"
IND_G0181,"IND_00721,IND_00722,IND_00723,IND_00724"
IND_G0182,"IND_00725,IND_00726,IND_00727,IND_00728"
IND_G0183,"IND_00729,IND_00730,IND_00731,IND_00732"
IND_G0184,"IND_00733,IND_00734,IND_00735,IND_00736"
IND_G0185,"IND_00737,IND_00738,IND_00739,IND_00740"
IND_G0186,"IND_00741,IND_00742,IND_00743,IND_00744"
IND_G0187,"IND_00745,IND_00746,IND_00747,IND_00748"
IND_G0188,"IND_00749,IND_00750,IND_00751,IND_00752"
IND_G0189,"IND_00753,IND_00754,IND_00755,IND_00756"
IND_G0190,"IND_00757,IND_00758,IND_00759,IND_00760"
IND_G0191,"IND_00761,IND_00762,IND_00763,IND_00764"
IND_G0192,"IND_00765,IND_00766,IND_00767,IND_00768"
IND_G0193,"IND_00769,IND_00770,IND_00771,IND_00772"
IND_G0194,"IND_00773,IND_00774,IND_00775,IND_00776"
IND_G0195,"IND_00777,IND_00778,IND_00779,IND_00780"
IND_G0196,"IND_00781,IND_00782,IND_00783,IND_00784"
IND_G0197,"IND_00785,IND_00786,IND_00787,IND_00788"
IND_G0198,"IND_00789,IND_00790,IND_00791,IND_00792"
IND_G0199,"IND_00793,IND_00794,IND_00795,IND_00796"
IND_G0200,"IND_00797,IND_00798,IND_00799,IND_00800"
IND_G0201,"IND_00801,IND_00802,IND_00803,IND_00804"
IND_G0202,"IND_00805,IND_00806,IND_00807,IND_00808"
IND_G0203,"IND_00809,IND_00810,IND_00811,IND_00812"
IND_G0204,"IND_00813,IND_00814,IND_00815,IND_00816"
IND_G0205,"IND_00817,IND_00818,IND_00819,IND_00820"
IND_G0206,"IND_00821,IND_00822,IND_00823,IND_00824"
IND_G0207,"IND_00825,IND_00826,IND_00827,IND_00828"
IND_G0208,"IND_00829,IND_00830,IND_00831,IND_00832"
IND_G0209,"IND_00833,IND_00834,IND_00835,IND_00836"
IND_G0210,"IND_00837,IND_00838,IND_00839,IND_00840"
IND_G0211,"IND_00841,IND_00842,IND_00843,IND_00844"
IND_G0212,"IND_00845,IND_00846,IND_00847,IND_00848"
IND_G0213,"IND_00849,IND_00850,IND_00851,IND_00852"
IND_G0214,"IND_00853,IND_00854,IND_00855,IND_00856"
IND_G0215,"IND_00857,IND_00858,IND_00859,IND_00860"
IND_G0216,"IND_00861,IND_00862,IND_00863,IND_00864"
IND_G0217,"IND_00865,IND_00866,IND_00867,IND_00868"
IND_G0218,"IND_00869,IND_00870,IND_00871,IND_00872"
IND_G0219,"IND_00873,IND_00874,IND_00875,IND_00876"
IND_G0220,"IND_00877,IND_00878,IND_00879,IND_00880"
IND_G0221,"IND_00881,IND_00882,IND_00883,IND_00884"
IND_G0222,"IND_00885,IND_00886,IND_00887,IND_00888"
IND_G0223,"IND_00889,IND_00890,IND_00891,IND_00892"
IND_G0224,"IND_00893,IND_00894,IND_00895,IND_00896"
IND_G0225,"IND_00897,IND_00898,IND_00899,IND_00900"
IND_G0226,"IND_00901,IND_00902,IND_00903,IND_00904"
IND_G0227,"IND_00905,IND_00906,IND_00907,IND_00908"
IND_G0228,"IND_00909,IND_00910,IND_00911,IND_00912"
IND_G0229,"IND_00913,IND_00914,IND_00915,IND_00916"
IND_G0230,"IND_00917,IND_00918,IND_00919,IND_00920"
IND_G0231,"IND_00921,IND_00922,IND_00923,IND_00924"
IND_G0232,"IND_00925,IND_00926,IND_00927,IND_00928"
IND_G0233,"IND_00929,IND_00930,IND_00931,IND_00932"
IND_G0234,"IND_00933,IND_00934,IND_00935,IND_00936"
IND_G0235,"IND_00937,IND_00938,IND_00939,IND_00940"
IND_G0236,"IND_00941,IND_00942,IND_00943,IND_00944"
IND_G0237,"IND_00945,IND_00946,IND_00947,IND_00948"
IND_G0238,"IND_00949,IND_00950,IND_00951,IND_00952"
IND_G0239,"IND_00953,IND_00954,IND_00955,IND_00956"
IND_G0240,"IND_00957,IND_00958,IND_00959,IND_00960"
IND_G0241,"IND_00961,IND_00962,IND_00963,IND_00964"
IND_G0242,"IND_00965,IND_00966,IND_00967,IND_00968"
IND_G0243,"IND_00969,IND_00970,IND_00971,IND_00972"
IND_G0244,"IND_00973,IND_00974,IND_00975,IND_00976"
IND_G0245,"IND_00977,IND_00978,IND_00979,IND_00980"
IND_G0246,"IND_00981,IND_00982,IND_00983,IND_00984"
IND_G0247,"IND_00985,IND_00986,IND_00987,IND_00988"
IND_G0248,"IND_00989,IND_00990,IND_00991,IND_00992"
IND_G0249,"IND_00993,IND_00994,IND_00995,IND_00996"
IND_G0250,"IND_00997,IND_00998,IND_00999,IND_01000"
