user_id,age,gender,Max_Hotel_Budget_USD_Per_Night,flex,preferred_type,preferred_accommodation,Activity_Budget_USD_Per_Day,preferred_activities,max_hotel_per_night,max_activity_per_day,budget
IND_00001,18-24,Female,80,40,City,3_Star,50,Museum,6640.0,4150.0,47370.0
IND_00002,25-34,Male,80,30,Beach,4_Star,20,Museum,6640.0,1660.0,39900.0
IND_00003,18-24,Female,200,5,Historic,3_Star,40,Sightseeing,16600.0,3320.0,74760.0
IND_00004,18-24,Female,80,20,City,3_Star,75,Food Tour,6640.0,6225.0,53595.0
IND_00005,35-44,Male,300,50,Nature,3_Star,100,Hiking,24900.0,8300.0,114600.0
IND_00006,25-34,Female,80,5,City,Budget,30,Museum,6640.0,2490.0,42390.0
IND_00007,55-64,Female,80,5,City,4_Star,50,Food Tour,6640.0,4150.0,47370.0
IND_00008,25-34,Female,60,40,City,3_Star,50,Museum,4980.0,4150.0,42390.0
IND_00009,45-54,Male,200,5,Beach,4_Star,40,Food Tour,16600.0,3320.0,74760.0
IND_00010,25-34,Male,80,50,City,4_Star,30,Hiking,6640.0,2490.0,42390.0
IND_00011,35-44,Male,80,30,Historic,3_Star,100,Sightseeing,6640.0,8300.0,59820.0
IND_00012,35-44,Female,150,40,Beach,3_Star,40,Sightseeing,12450.0,3320.0,62310.0
IND_00013,25-34,Female,200,40,Historic,3_Star,75,Sightseeing,16600.0,6225.0,83475.0
IND_00014,65+,Female,150,50,City,4_Star,30,Museum,12450.0,2490.0,59820.0
IND_00015,25-34,Male,40,50,Historic,4_Star,40,Food Tour,3320.0,3320.0,34920.0
IND_00016,18-24,Male,300,50,Beach,4_Star,50,Water Sports,24900.0,4150.0,102150.0
IND_00017,35-44,Male,200,40,Mountain,Budget,20,Sightseeing,16600.0,1660.0,69780.0
IND_00018,45-54,Male,150,20,Beach,4_Star,20,Museum,12450.0,1660.0,57330.0
IND_00019,18-24,Female,100,10,City,4_Star,50,Hiking,8300.0,4150.0,52350.0
IND_00020,25-34,Male,200,20,City,3_Star,100,Sightseeing,16600.0,8300.0,89700.0
IND_00021,55-64,Female,150,50,Beach,3_Star,50,Sightseeing,12450.0,4150.0,64800.0
IND_00022,45-54,Male,60,20,Mountain,3_Star,50,Water Sports,4980.0,4150.0,42390.0
IND_00023,65+,Female,80,5,Beach,4_Star,100,Sightseeing,6640.0,8300.0,59820.0
IND_00024,35-44,Female,20,5,City,4_Star,50,Museum,1660.0,4150.0,32430.0
IND_00025,35-44,Female,20,30,City,3_Star,100,Museum,1660.0,8300.0,44880.0
IND_00026,25-34,Male,100,5,Historic,4_Star,30,Sightseeing,8300.0,2490.0,47370.0
IND_00027,55-64,Male,200,40,City,5_Star,75,Food Tour,16600.0,6225.0,83475.0
IND_00028,25-34,Male,200,5,City,Budget,100,Water Sports,16600.0,8300.0,89700.0
IND_00029,45-54,Male,200,40,Historic,Budget,75,Food Tour,16600.0,6225.0,83475.0
IND_00030,25-34,Female,80,30,Historic,3_Star,30,Hiking,6640.0,2490.0,42390.0
IND_00031,35-44,Female,100,40,City,4_Star,75,Food Tour,8300.0,6225.0,58575.0
IND_00032,45-54,Female,200,30,Beach,Budget,75,Museum,16600.0,6225.0,83475.0
IND_00033,35-44,Male,20,20,Nature,5_Star,50,Sightseeing,1660.0,4150.0,32430.0
IND_00034,55-64,Male,100,5,Beach,Budget,20,Food Tour,8300.0,1660.0,44880.0
IND_00035,25-34,Male,80,30,Beach,4_Star,20,Sightseeing,6640.0,1660.0,39900.0
IND_00036,35-44,Male,60,10,Beach,4_Star,75,Museum,4980.0,6225.0,48615.0
IND_00037,25-34,Male,100,50,Beach,Budget,20,Hiking,8300.0,1660.0,44880.0
IND_00038,25-34,Male,60,40,Beach,4_Star,100,Sightseeing,4980.0,8300.0,54840.0
IND_00039,25-34,Male,100,50,Beach,4_Star,50,Sightseeing,8300.0,4150.0,52350.0
IND_00040,18-24,Female,150,30,Beach,Budget,20,Hiking,12450.0,1660.0,57330.0
IND_00041,18-24,Male,100,50,Beach,3_Star,20,Sightseeing,8300.0,1660.0,44880.0
IND_00042,35-44,Female,100,40,Beach,5_Star,10,Sightseeing,8300.0,830.0,42390.0
IND_00043,35-44,Female,80,40,City,5_Star,50,Sightseeing,6640.0,4150.0,47370.0
IND_00044,35-44,Male,20,10,Historic,3_Star,75,Museum,1660.0,6225.0,38655.0
IND_00045,18-24,Female,60,40,City,Budget,75,Museum,4980.0,6225.0,48615.0
IND_00046,25-34,Female,100,30,Historic,3_Star,50,Hiking,8300.0,4150.0,52350.0
IND_00047,18-24,Male,60,40,City,3_Star,50,Food Tour,4980.0,4150.0,42390.0
IND_00048,45-54,Male,20,10,City,4_Star,20,Hiking,1660.0,1660.0,24960.0
IND_00049,55-64,Female,100,10,City,4_Star,75,Sightseeing,8300.0,6225.0,58575.0
IND_00050,25-34,Male,100,50,Beach,4_Star,40,Museum,8300.0,3320.0,49860.0
IND_00051,35-44,Male,300,20,City,5_Star,75,Museum,24900.0,6225.0,108375.0
IND_00052,18-24,Male,300,50,Beach,Budget,100,Food Tour,24900.0,8300.0,114600.0
IND_00053,25-34,Female,100,10,Beach,3_Star,100,Sightseeing,8300.0,8300.0,64800.0
IND_00054,18-24,Female,20,10,Nature,3_Star,100,Museum,1660.0,8300.0,44880.0
IND_00055,25-34,Female,200,20,Beach,4_Star,75,Museum,16600.0,6225.0,83475.0
IND_00056,35-44,Female,80,5,City,4_Star,30,Sightseeing,6640.0,2490.0,42390.0
IND_00057,55-64,Male,100,20,Beach,5_Star,30,Sightseeing,8300.0,2490.0,47370.0
IND_00058,25-34,Male,200,5,Beach,3_Star,50,Museum,16600.0,4150.0,77250.0
IND_00059,35-44,Male,150,5,Beach,5_Star,20,Sightseeing,12450.0,1660.0,57330.0
IND_00060,45-54,Male,80,10,Beach,3_Star,40,Food Tour,6640.0,3320.0,44880.0
IND_00061,65+,Female,200,20,Historic,Budget,50,Museum,16600.0,4150.0,77250.0
IND_00062,35-44,Male,60,30,Historic,4_Star,30,Hiking,4980.0,2490.0,37410.0
IND_00063,25-34,Male,150,20,Beach,3_Star,10,Water Sports,12450.0,830.0,54840.0
IND_00064,35-44,Female,100,10,City,4_Star,20,Hiking,8300.0,1660.0,44880.0
IND_00065,25-34,Male,200,50,Mountain,3_Star,50,Water Sports,16600.0,4150.0,77250.0
IND_00066,65+,Male,200,10,Beach,3_Star,10,Water Sports,16600.0,830.0,67290.0
IND_00067,25-34,Male,40,30,Beach,3_Star,75,Water Sports,3320.0,6225.0,43635.0
IND_00068,35-44,Male,200,20,Mountain,5_Star,10,Hiking,16600.0,830.0,67290.0
IND_00069,18-24,Male,100,5,Beach,4_Star,75,Food Tour,8300.0,6225.0,58575.0
IND_00070,25-34,Male,60,40,Historic,Budget,50,Sightseeing,4980.0,4150.0,42390.0
IND_00071,55-64,Male,100,5,Mountain,5_Star,20,Museum,8300.0,1660.0,44880.0
IND_00072,35-44,Male,300,5,City,3_Star,20,Food Tour,24900.0,1660.0,94680.0
IND_00073,25-34,Female,100,5,City,3_Star,40,Water Sports,8300.0,3320.0,49860.0
IND_00074,55-64,Male,40,5,Beach,4_Star,50,Sightseeing,3320.0,4150.0,37410.0
IND_00075,45-54,Male,80,10,Beach,Budget,75,Sightseeing,6640.0,6225.0,53595.0
IND_00076,25-34,Male,40,5,Beach,3_Star,75,Sightseeing,3320.0,6225.0,43635.0
IND_00077,35-44,Male,60,10,Mountain,5_Star,40,Sightseeing,4980.0,3320.0,39900.0
IND_00078,35-44,Female,150,5,Historic,Budget,10,Water Sports,12450.0,830.0,54840.0
IND_00079,35-44,Male,20,10,City,3_Star,100,Sightseeing,1660.0,8300.0,44880.0
IND_00080,25-34,Female,200,5,Beach,Budget,40,Food Tour,16600.0,3320.0,74760.0
IND_00081,25-34,Female,300,10,City,3_Star,75,Hiking,24900.0,6225.0,108375.0
IND_00082,55-64,Male,40,40,City,4_Star,20,Water Sports,3320.0,1660.0,29940.0
IND_00083,55-64,Female,60,5,Beach,5_Star,30,Water Sports,4980.0,2490.0,37410.0
IND_00084,45-54,Male,60,50,Historic,4_Star,50,Museum,4980.0,4150.0,42390.0
IND_00085,65+,Male,20,30,City,3_Star,75,Museum,1660.0,6225.0,38655.0
IND_00086,45-54,Male,20,10,Historic,Budget,20,Museum,1660.0,1660.0,24960.0
IND_00087,45-54,Female,150,5,Historic,3_Star,75,Museum,12450.0,6225.0,71025.0
IND_00088,45-54,Male,80,10,Beach,4_Star,40,Food Tour,6640.0,3320.0,44880.0
IND_00089,35-44,Male,40,40,City,4_Star,75,Food Tour,3320.0,6225.0,43635.0
IND_00090,25-34,Male,100,5,City,3_Star,50,Food Tour,8300.0,4150.0,52350.0
IND_00091,25-34,Male,40,30,City,Budget,40,Sightseeing,3320.0,3320.0,34920.0
IND_00092,35-44,Female,100,5,Mountain,3_Star,50,Water Sports,8300.0,4150.0,52350.0
IND_00093,25-34,Male,40,20,Nature,4_Star,40,Food Tour,3320.0,3320.0,34920.0
IND_00094,25-34,Male,40,50,Beach,4_Star,10,Museum,3320.0,830.0,27450.0
IND_00095,35-44,Male,200,40,Beach,3_Star,30,Hiking,16600.0,2490.0,72270.0
IND_00096,25-34,Male,60,30,City,4_Star,100,Food Tour,4980.0,8300.0,54840.0
IND_00097,25-34,Male,60,10,City,Budget,20,Hiking,4980.0,1660.0,34920.0
IND_00098,45-54,Male,200,10,City,4_Star,40,Hiking,16600.0,3320.0,74760.0
IND_00099,55-64,Male,80,10,Beach,Budget,20,Food Tour,6640.0,1660.0,39900.0
IND_00100,18-24,Female,20,10,City,Budget,40,Water Sports,1660.0,3320.0,29940.0
IND_00101,18-24,Female,200,30,City,Budget,75,Food Tour,16600.0,6225.0,83475.0
IND_00102,25-34,Female,20,10,City,4_Star,75,Sightseeing,1660.0,6225.0,38655.0
IND_00103,45-54,Male,80,50,Beach,5_Star,10,Food Tour,6640.0,830.0,37410.0
IND_00104,45-54,Female,80,5,City,Budget,100,Water Sports,6640.0,8300.0,59820.0
IND_00105,18-24,Female,150,30,Beach,3_Star,50,Food Tour,12450.0,4150.0,64800.0
IND_00106,45-54,Female,100,30,Beach,5_Star,50,Hiking,8300.0,4150.0,52350.0
IND_00107,18-24,Male,100,30,Mountain,5_Star,75,Museum,8300.0,6225.0,58575.0
IND_00108,25-34,Male,300,30,Beach,3_Star,50,Water Sports,24900.0,4150.0,102150.0
IND_00109,65+,Male,100,20,City,4_Star,100,Food Tour,8300.0,8300.0,64800.0
IND_00110,18-24,Female,20,5,Beach,Budget,50,Hiking,1660.0,4150.0,32430.0
IND_00111,18-24,Male,20,30,Historic,4_Star,100,Sightseeing,1660.0,8300.0,44880.0
IND_00112,25-34,Male,60,10,City,4_Star,50,Museum,4980.0,4150.0,42390.0
IND_00113,35-44,Male,20,10,Historic,4_Star,75,Museum,1660.0,6225.0,38655.0
IND_00114,55-64,Male,200,40,Beach,Budget,40,Sightseeing,16600.0,3320.0,74760.0
IND_00115,65+,Male,200,5,Beach,3_Star,30,Water Sports,16600.0,2490.0,72270.0
IND_00116,18-24,Female,150,30,City,Budget,40,Food Tour,12450.0,3320.0,62310.0
IND_00117,18-24,Female,150,20,City,Budget,20,Water Sports,12450.0,1660.0,57330.0
IND_00118,45-54,Female,150,10,Beach,5_Star,40,Sightseeing,12450.0,3320.0,62310.0
IND_00119,25-34,Male,60,50,City,Budget,75,Museum,4980.0,6225.0,48615.0
IND_00120,55-64,Male,20,30,Beach,3_Star,75,Sightseeing,1660.0,6225.0,38655.0
IND_00121,35-44,Male,20,20,Historic,4_Star,30,Sightseeing,1660.0,2490.0,27450.0
IND_00122,18-24,Female,80,50,Historic,3_Star,40,Hiking,6640.0,3320.0,44880.0
IND_00123,45-54,Male,60,20,City,3_Star,50,Sightseeing,4980.0,4150.0,42390.0
IND_00124,18-24,Male,300,10,Historic,Budget,10,Sightseeing,24900.0,830.0,92190.0
IND_00125,25-34,Male,200,5,Beach,5_Star,50,Food Tour,16600.0,4150.0,77250.0
IND_00126,35-44,Male,150,40,City,5_Star,40,Food Tour,12450.0,3320.0,62310.0
IND_00127,35-44,Male,80,50,Beach,3_Star,75,Museum,6640.0,6225.0,53595.0
IND_00128,35-44,Male,200,50,City,3_Star,50,Food Tour,16600.0,4150.0,77250.0
IND_00129,35-44,Male,80,5,Historic,4_Star,20,Sightseeing,6640.0,1660.0,39900.0
IND_00130,65+,Male,100,20,Beach,4_Star,40,Water Sports,8300.0,3320.0,49860.0
IND_00131,65+,Male,150,50,City,Budget,30,Sightseeing,12450.0,2490.0,59820.0
IND_00132,35-44,Female,60,50,Beach,3_Star,50,Food Tour,4980.0,4150.0,42390.0
IND_00133,18-24,Male,100,10,Mountain,Budget,50,Water Sports,8300.0,4150.0,52350.0
IND_00134,45-54,Male,60,20,City,3_Star,30,Sightseeing,4980.0,2490.0,37410.0
IND_00135,65+,Male,40,30,Historic,3_Star,50,Sightseeing,3320.0,4150.0,37410.0
IND_00136,25-34,Male,200,5,Beach,3_Star,20,Museum,16600.0,1660.0,69780.0
IND_00137,25-34,Female,300,20,Mountain,3_Star,30,Sightseeing,24900.0,2490.0,97170.0
IND_00138,25-34,Male,80,40,Beach,3_Star,75,Museum,6640.0,6225.0,53595.0
IND_00139,18-24,Female,20,40,Mountain,Budget,40,Hiking,1660.0,3320.0,29940.0
IND_00140,35-44,Male,60,10,Beach,Budget,10,Sightseeing,4980.0,830.0,32430.0
IND_00141,25-34,Male,300,30,Beach,3_Star,40,Sightseeing,24900.0,3320.0,99660.0
IND_00142,45-54,Male,150,10,Beach,3_Star,20,Water Sports,12450.0,1660.0,57330.0
IND_00143,45-54,Female,60,40,Beach,3_Star,100,Food Tour,4980.0,8300.0,54840.0
IND_00144,45-54,Male,300,30,Beach,4_Star,100,Museum,24900.0,8300.0,114600.0
IND_00145,25-34,Male,40,40,Beach,4_Star,10,Sightseeing,3320.0,830.0,27450.0
IND_00146,25-34,Male,80,30,City,5_Star,30,Museum,6640.0,2490.0,42390.0
IND_00147,45-54,Male,80,20,Beach,5_Star,50,Hiking,6640.0,4150.0,47370.0
IND_00148,45-54,Male,40,5,City,3_Star,30,Food Tour,3320.0,2490.0,32430.0
IND_00149,35-44,Male,40,40,Beach,5_Star,75,Food Tour,3320.0,6225.0,43635.0
IND_00150,55-64,Male,150,40,City,5_Star,10,Sightseeing,12450.0,830.0,54840.0
IND_00151,18-24,Female,20,20,Beach,3_Star,75,Sightseeing,1660.0,6225.0,38655.0
IND_00152,55-64,Female,80,5,Historic,3_Star,20,Museum,6640.0,1660.0,39900.0
IND_00153,18-24,Male,150,30,Beach,Budget,20,Museum,12450.0,1660.0,57330.0
IND_00154,18-24,Male,100,10,City,5_Star,30,Food Tour,8300.0,2490.0,47370.0
IND_00155,35-44,Male,80,50,Beach,3_Star,100,Sightseeing,6640.0,8300.0,59820.0
IND_00156,18-24,Female,300,30,Historic,3_Star,20,Hiking,24900.0,1660.0,94680.0
IND_00157,18-24,Male,80,50,Historic,4_Star,20,Museum,6640.0,1660.0,39900.0
IND_00158,18-24,Female,80,40,Historic,5_Star,20,Museum,6640.0,1660.0,39900.0
IND_00159,25-34,Female,150,50,City,4_Star,20,Sightseeing,12450.0,1660.0,57330.0
IND_00160,45-54,Female,60,20,Beach,3_Star,100,Sightseeing,4980.0,8300.0,54840.0
IND_00161,18-24,Male,80,50,City,3_Star,50,Museum,6640.0,4150.0,47370.0
IND_00162,35-44,Female,300,20,City,4_Star,40,Water Sports,24900.0,3320.0,99660.0
IND_00163,45-54,Male,40,20,Beach,4_Star,10,Hiking,3320.0,830.0,27450.0
IND_00164,18-24,Male,150,50,City,3_Star,10,Sightseeing,12450.0,830.0,54840.0
IND_00165,18-24,Male,200,20,Historic,4_Star,30,Museum,16600.0,2490.0,72270.0
IND_00166,55-64,Male,60,10,Historic,Budget,100,Sightseeing,4980.0,8300.0,54840.0
IND_00167,45-54,Female,60,30,City,3_Star,40,Hiking,4980.0,3320.0,39900.0
IND_00168,35-44,Female,60,30,City,3_Star,75,Food Tour,4980.0,6225.0,48615.0
IND_00169,45-54,Male,80,30,Beach,5_Star,30,Museum,6640.0,2490.0,42390.0
IND_00170,18-24,Female,100,30,Beach,3_Star,10,Water Sports,8300.0,830.0,42390.0
IND_00171,25-34,Male,200,20,City,3_Star,20,Sightseeing,16600.0,1660.0,69780.0
IND_00172,45-54,Male,60,50,Beach,Budget,20,Hiking,4980.0,1660.0,34920.0
IND_00173,25-34,Male,80,50,Beach,5_Star,50,Sightseeing,6640.0,4150.0,47370.0
IND_00174,45-54,Female,200,40,Beach,5_Star,20,Sightseeing,16600.0,1660.0,69780.0
IND_00175,35-44,Male,20,20,City,4_Star,100,Water Sports,1660.0,8300.0,44880.0
IND_00176,45-54,Male,40,5,City,3_Star,50,Museum,3320.0,4150.0,37410.0
IND_00177,25-34,Male,20,5,Beach,4_Star,30,Sightseeing,1660.0,2490.0,27450.0
IND_00178,25-34,Other,40,40,City,4_Star,50,Water Sports,3320.0,4150.0,37410.0
IND_00179,25-34,Female,200,5,City,Budget,50,Sightseeing,16600.0,4150.0,77250.0
IND_00180,25-34,Female,40,30,City,Budget,75,Hiking,3320.0,6225.0,43635.0
IND_00181,45-54,Female,300,20,Beach,3_Star,10,Sightseeing,24900.0,830.0,92190.0
IND_00182,18-24,Female,200,40,Mountain,3_Star,40,Sightseeing,16600.0,3320.0,74760.0
IND_00183,18-24,Male,80,50,Historic,3_Star,30,Sightseeing,6640.0,2490.0,42390.0
IND_00184,18-24,Male,20,5,Beach,3_Star,30,Sightseeing,1660.0,2490.0,27450.0
IND_00185,18-24,Female,40,20,Historic,4_Star,50,Sightseeing,3320.0,4150.0,37410.0
IND_00186,45-54,Female,100,50,City,4_Star,20,Sightseeing,8300.0,1660.0,44880.0
IND_00187,25-34,Male,80,20,Historic,5_Star,20,Sightseeing,6640.0,1660.0,39900.0
IND_00188,65+,Male,200,40,City,3_Star,50,Water Sports,16600.0,4150.0,77250.0
IND_00189,18-24,Female,60,40,Beach,3_Star,10,Sightseeing,4980.0,830.0,32430.0
IND_00190,35-44,Male,40,50,City,Budget,30,Food Tour,3320.0,2490.0,32430.0
IND_00191,25-34,Female,150,5,Beach,4_Star,75,Food Tour,12450.0,6225.0,71025.0
IND_00192,25-34,Male,300,50,Beach,Budget,30,Sightseeing,24900.0,2490.0,97170.0
IND_00193,55-64,Male,100,5,City,5_Star,30,Sightseeing,8300.0,2490.0,47370.0
IND_00194,65+,Female,150,5,City,3_Star,20,Water Sports,12450.0,1660.0,57330.0
IND_00195,55-64,Male,100,10,City,4_Star,40,Water Sports,8300.0,3320.0,49860.0
IND_00196,18-24,Male,40,40,Beach,3_Star,75,Sightseeing,3320.0,6225.0,43635.0
IND_00197,25-34,Male,100,5,City,Budget,10,Water Sports,8300.0,830.0,42390.0
IND_00198,35-44,Female,300,40,Beach,4_Star,50,Sightseeing,24900.0,4150.0,102150.0
IND_00199,25-34,Male,300,10,Historic,3_Star,75,Hiking,24900.0,6225.0,108375.0
IND_00200,45-54,Male,200,40,Nature,3_Star,20,Sightseeing,16600.0,1660.0,69780.0
IND_00201,35-44,Female,100,40,Beach,4_Star,50,Museum,8300.0,4150.0,52350.0
IND_00202,35-44,Female,20,20,Mountain,3_Star,30,Hiking,1660.0,2490.0,27450.0
IND_00203,45-54,Male,80,50,City,4_Star,10,Hiking,6640.0,830.0,37410.0
IND_00204,45-54,Male,200,10,Historic,4_Star,50,Water Sports,16600.0,4150.0,77250.0
IND_00205,18-24,Male,300,5,City,5_Star,75,Water Sports,24900.0,6225.0,108375.0
IND_00206,18-24,Male,100,30,City,4_Star,50,Museum,8300.0,4150.0,52350.0
IND_00207,35-44,Male,20,5,Historic,Budget,10,Food Tour,1660.0,830.0,22470.0
IND_00208,35-44,Female,300,10,Nature,4_Star,40,Food Tour,24900.0,3320.0,99660.0
IND_00209,25-34,Male,200,30,Beach,4_Star,20,Museum,16600.0,1660.0,69780.0
IND_00210,25-34,Male,100,50,Historic,Budget,50,Sightseeing,8300.0,4150.0,52350.0
IND_00211,45-54,Female,80,40,City,4_Star,40,Museum,6640.0,3320.0,44880.0
IND_00212,45-54,Male,200,30,Historic,3_Star,50,Sightseeing,16600.0,4150.0,77250.0
IND_00213,35-44,Male,60,30,City,4_Star,100,Museum,4980.0,8300.0,54840.0
IND_00214,25-34,Female,200,20,City,3_Star,10,Sightseeing,16600.0,830.0,67290.0
IND_00215,25-34,Female,60,40,City,Budget,20,Sightseeing,4980.0,1660.0,34920.0
IND_00216,35-44,Female,200,5,City,3_Star,50,Sightseeing,16600.0,4150.0,77250.0
IND_00217,25-34,Male,150,5,City,3_Star,100,Food Tour,12450.0,8300.0,77250.0
IND_00218,35-44,Male,20,5,Beach,5_Star,10,Water Sports,1660.0,830.0,22470.0
IND_00219,35-44,Female,20,30,Mountain,4_Star,75,Museum,1660.0,6225.0,38655.0
IND_00220,18-24,Male,150,10,Beach,Budget,75,Food Tour,12450.0,6225.0,71025.0
IND_00221,18-24,Male,80,5,Mountain,3_Star,20,Food Tour,6640.0,1660.0,39900.0
IND_00222,25-34,Male,300,5,Beach,5_Star,75,Museum,24900.0,6225.0,108375.0
IND_00223,55-64,Female,200,30,City,4_Star,50,Sightseeing,16600.0,4150.0,77250.0
IND_00224,35-44,Female,300,30,Beach,3_Star,10,Sightseeing,24900.0,830.0,92190.0
IND_00225,18-24,Male,40,30,City,3_Star,10,Hiking,3320.0,830.0,27450.0
IND_00226,55-64,Female,200,40,City,3_Star,30,Sightseeing,16600.0,2490.0,72270.0
IND_00227,25-34,Male,80,30,Beach,3_Star,40,Sightseeing,6640.0,3320.0,44880.0
IND_00228,25-34,Male,60,50,Beach,Budget,75,Hiking,4980.0,6225.0,48615.0
IND_00229,55-64,Male,80,30,Mountain,4_Star,10,Water Sports,6640.0,830.0,37410.0
IND_00230,18-24,Male,200,30,Beach,3_Star,50,Sightseeing,16600.0,4150.0,77250.0
IND_00231,25-34,Male,100,10,Mountain,3_Star,50,Hiking,8300.0,4150.0,52350.0
IND_00232,35-44,Male,20,30,Historic,5_Star,30,Sightseeing,1660.0,2490.0,27450.0
IND_00233,18-24,Female,80,10,City,3_Star,20,Sightseeing,6640.0,1660.0,39900.0
IND_00234,35-44,Male,200,10,City,3_Star,20,Water Sports,16600.0,1660.0,69780.0
IND_00235,25-34,Female,200,50,Beach,3_Star,40,Museum,16600.0,3320.0,74760.0
IND_00236,18-24,Female,80,50,Historic,3_Star,30,Sightseeing,6640.0,2490.0,42390.0
IND_00237,25-34,Male,200,20,Beach,4_Star,40,Sightseeing,16600.0,3320.0,74760.0
IND_00238,25-34,Female,300,10,City,4_Star,10,Sightseeing,24900.0,830.0,92190.0
IND_00239,18-24,Male,20,30,Mountain,3_Star,50,Water Sports,1660.0,4150.0,32430.0
IND_00240,18-24,Male,100,40,Beach,3_Star,100,Sightseeing,8300.0,8300.0,64800.0
IND_00241,55-64,Female,300,5,Beach,3_Star,20,Sightseeing,24900.0,1660.0,94680.0
IND_00242,25-34,Female,80,40,Beach,5_Star,50,Hiking,6640.0,4150.0,47370.0
IND_00243,25-34,Male,300,5,Beach,3_Star,75,Water Sports,24900.0,6225.0,108375.0
IND_00244,18-24,Male,200,5,Beach,4_Star,40,Museum,16600.0,3320.0,74760.0
IND_00245,25-34,Male,40,20,Mountain,5_Star,30,Food Tour,3320.0,2490.0,32430.0
IND_00246,25-34,Female,60,30,Beach,3_Star,100,Food Tour,4980.0,8300.0,54840.0
IND_00247,35-44,Male,80,20,Beach,4_Star,50,Sightseeing,6640.0,4150.0,47370.0
IND_00248,25-34,Male,80,50,Mountain,4_Star,30,Water Sports,6640.0,2490.0,42390.0
IND_00249,55-64,Male,150,20,Beach,Budget,20,Water Sports,12450.0,1660.0,57330.0
IND_00250,55-64,Male,200,40,Historic,5_Star,100,Sightseeing,16600.0,8300.0,89700.0
IND_00251,18-24,Female,100,30,City,4_Star,75,Sightseeing,8300.0,6225.0,58575.0
IND_00252,18-24,Female,20,20,Beach,3_Star,100,Museum,1660.0,8300.0,44880.0
IND_00253,18-24,Male,200,10,City,4_Star,75,Sightseeing,16600.0,6225.0,83475.0
IND_00254,35-44,Male,60,20,Beach,3_Star,10,Food Tour,4980.0,830.0,32430.0
IND_00255,18-24,Male,60,20,Historic,3_Star,75,Food Tour,4980.0,6225.0,48615.0
IND_00256,45-54,Female,200,5,Beach,5_Star,100,Sightseeing,16600.0,8300.0,89700.0
IND_00257,45-54,Female,200,40,Historic,4_Star,10,Food Tour,16600.0,830.0,67290.0
IND_00258,45-54,Male,300,10,Beach,3_Star,75,Museum,24900.0,6225.0,108375.0
IND_00259,35-44,Male,300,5,Beach,5_Star,75,Museum,24900.0,6225.0,108375.0
IND_00260,65+,Male,40,50,City,3_Star,30,Sightseeing,3320.0,2490.0,32430.0
IND_00261,18-24,Male,40,40,City,Budget,100,Food Tour,3320.0,8300.0,49860.0
IND_00262,25-34,Female,80,20,City,Budget,30,Hiking,6640.0,2490.0,42390.0
IND_00263,25-34,Male,300,40,Beach,5_Star,30,Sightseeing,24900.0,2490.0,97170.0
IND_00264,55-64,Male,60,5,Beach,3_Star,10,Food Tour,4980.0,830.0,32430.0
IND_00265,35-44,Female,60,20,Beach,3_Star,30,Hiking,4980.0,2490.0,37410.0
IND_00266,45-54,Male,300,20,City,3_Star,75,Sightseeing,24900.0,6225.0,108375.0
IND_00267,18-24,Male,300,20,Beach,4_Star,40,Sightseeing,24900.0,3320.0,99660.0
IND_00268,65+,Male,100,20,City,3_Star,30,Food Tour,8300.0,2490.0,47370.0
IND_00269,35-44,Male,100,20,Historic,5_Star,75,Museum,8300.0,6225.0,58575.0
IND_00270,35-44,Male,80,20,City,3_Star,30,Hiking,6640.0,2490.0,42390.0
IND_00271,65+,Male,200,20,Historic,Budget,30,Sightseeing,16600.0,2490.0,72270.0
IND_00272,25-34,Male,200,5,Beach,5_Star,40,Museum,16600.0,3320.0,74760.0
IND_00273,25-34,Male,60,5,City,3_Star,10,Water Sports,4980.0,830.0,32430.0
IND_00274,35-44,Male,150,20,City,5_Star,40,Museum,12450.0,3320.0,62310.0
IND_00275,18-24,Female,100,40,City,4_Star,75,Food Tour,8300.0,6225.0,58575.0
IND_00276,25-34,Male,150,50,Beach,4_Star,20,Museum,12450.0,1660.0,57330.0
IND_00277,18-24,Male,80,50,Beach,Budget,40,Sightseeing,6640.0,3320.0,44880.0
IND_00278,18-24,Male,100,10,City,Budget,10,Museum,8300.0,830.0,42390.0
IND_00279,55-64,Female,150,30,City,Budget,75,Sightseeing,12450.0,6225.0,71025.0
IND_00280,35-44,Female,80,20,City,3_Star,50,Museum,6640.0,4150.0,47370.0
IND_00281,25-34,Male,40,5,Beach,4_Star,75,Sightseeing,3320.0,6225.0,43635.0
IND_00282,25-34,Male,20,40,Nature,3_Star,40,Food Tour,1660.0,3320.0,29940.0
IND_00283,25-34,Male,300,5,City,Budget,50,Museum,24900.0,4150.0,102150.0
IND_00284,35-44,Male,150,5,Beach,Budget,75,Museum,12450.0,6225.0,71025.0
IND_00285,55-64,Male,80,50,Historic,3_Star,30,Sightseeing,6640.0,2490.0,42390.0
IND_00286,55-64,Male,80,50,Mountain,Budget,30,Food Tour,6640.0,2490.0,42390.0
IND_00287,25-34,Male,80,30,Beach,4_Star,30,Museum,6640.0,2490.0,42390.0
IND_00288,25-34,Male,80,30,Beach,3_Star,30,Food Tour,6640.0,2490.0,42390.0
IND_00289,25-34,Male,80,40,Beach,3_Star,50,Sightseeing,6640.0,4150.0,47370.0
IND_00290,35-44,Male,300,30,Historic,4_Star,100,Water Sports,24900.0,8300.0,114600.0
IND_00291,25-34,Female,80,40,Beach,4_Star,20,Hiking,6640.0,1660.0,39900.0
IND_00292,35-44,Male,150,5,City,5_Star,20,Sightseeing,12450.0,1660.0,57330.0
IND_00293,35-44,Female,80,50,City,4_Star,10,Water Sports,6640.0,830.0,37410.0
IND_00294,25-34,Male,200,5,City,Budget,30,Hiking,16600.0,2490.0,72270.0
IND_00295,25-34,Female,20,40,Beach,Budget,75,Food Tour,1660.0,6225.0,38655.0
IND_00296,25-34,Female,200,50,Mountain,5_Star,30,Hiking,16600.0,2490.0,72270.0
IND_00297,18-24,Female,40,5,City,4_Star,10,Food Tour,3320.0,830.0,27450.0
IND_00298,18-24,Female,80,10,City,5_Star,20,Sightseeing,6640.0,1660.0,39900.0
IND_00299,45-54,Female,150,10,Nature,Budget,20,Water Sports,12450.0,1660.0,57330.0
IND_00300,25-34,Female,100,20,City,5_Star,20,Food Tour,8300.0,1660.0,44880.0
IND_00301,25-34,Female,20,10,Historic,5_Star,75,Sightseeing,1660.0,6225.0,38655.0
IND_00302,35-44,Male,100,30,Historic,3_Star,100,Water Sports,8300.0,8300.0,64800.0
IND_00303,45-54,Male,40,50,City,Budget,40,Hiking,3320.0,3320.0,34920.0
IND_00304,25-34,Male,40,5,Historic,3_Star,10,Sightseeing,3320.0,830.0,27450.0
IND_00305,45-54,Female,80,50,Beach,3_Star,100,Hiking,6640.0,8300.0,59820.0
IND_00306,55-64,Male,150,40,City,3_Star,50,Sightseeing,12450.0,4150.0,64800.0
IND_00307,35-44,Male,100,20,Beach,Budget,75,Museum,8300.0,6225.0,58575.0
IND_00308,35-44,Male,60,30,City,5_Star,10,Museum,4980.0,830.0,32430.0
IND_00309,18-24,Male,20,5,Beach,3_Star,20,Water Sports,1660.0,1660.0,24960.0
IND_00310,55-64,Male,20,50,City,5_Star,20,Sightseeing,1660.0,1660.0,24960.0
IND_00311,25-34,Male,80,5,Beach,3_Star,100,Food Tour,6640.0,8300.0,59820.0
IND_00312,55-64,Male,300,5,City,4_Star,75,Sightseeing,24900.0,6225.0,108375.0
IND_00313,35-44,Male,200,40,City,3_Star,75,Hiking,16600.0,6225.0,83475.0
IND_00314,18-24,Male,80,10,City,Budget,50,Sightseeing,6640.0,4150.0,47370.0
IND_00315,18-24,Male,40,5,Mountain,4_Star,30,Sightseeing,3320.0,2490.0,32430.0
IND_00316,35-44,Male,60,10,City,3_Star,30,Sightseeing,4980.0,2490.0,37410.0
IND_00317,35-44,Male,80,30,City,3_Star,10,Water Sports,6640.0,830.0,37410.0
IND_00318,18-24,Female,150,10,Mountain,3_Star,20,Museum,12450.0,1660.0,57330.0
IND_00319,45-54,Male,100,50,City,4_Star,50,Hiking,8300.0,4150.0,52350.0
IND_00320,45-54,Female,80,50,Beach,4_Star,30,Museum,6640.0,2490.0,42390.0
IND_00321,35-44,Female,150,20,Historic,Budget,40,Museum,12450.0,3320.0,62310.0
IND_00322,25-34,Male,300,30,Mountain,5_Star,100,Museum,24900.0,8300.0,114600.0
IND_00323,18-24,Male,80,30,Beach,Budget,10,Sightseeing,6640.0,830.0,37410.0
IND_00324,45-54,Male,20,10,Beach,4_Star,75,Sightseeing,1660.0,6225.0,38655.0
IND_00325,25-34,Female,200,20,Beach,4_Star,100,Sightseeing,16600.0,8300.0,89700.0
IND_00326,55-64,Female,200,10,City,3_Star,100,Water Sports,16600.0,8300.0,89700.0
IND_00327,25-34,Female,100,50,Beach,4_Star,20,Museum,8300.0,1660.0,44880.0
IND_00328,35-44,Male,20,30,Nature,3_Star,30,Museum,1660.0,2490.0,27450.0
IND_00329,25-34,Male,300,20,Beach,4_Star,50,Museum,24900.0,4150.0,102150.0
IND_00330,18-24,Male,40,10,City,4_Star,40,Hiking,3320.0,3320.0,34920.0
IND_00331,45-54,Female,300,5,City,3_Star,50,Sightseeing,24900.0,4150.0,102150.0
IND_00332,35-44,Male,40,5,Beach,4_Star,50,Sightseeing,3320.0,4150.0,37410.0
IND_00333,35-44,Female,20,10,City,Budget,20,Sightseeing,1660.0,1660.0,24960.0
IND_00334,65+,Female,60,30,Mountain,4_Star,100,Water Sports,4980.0,8300.0,54840.0
IND_00335,65+,Male,80,50,City,3_Star,10,Sightseeing,6640.0,830.0,37410.0
IND_00336,45-54,Male,300,40,Beach,5_Star,50,Sightseeing,24900.0,4150.0,102150.0
IND_00337,18-24,Male,20,5,Beach,5_Star,100,Museum,1660.0,8300.0,44880.0
IND_00338,35-44,Female,40,5,Historic,Budget,10,Food Tour,3320.0,830.0,27450.0
IND_00339,55-64,Male,150,30,City,4_Star,30,Museum,12450.0,2490.0,59820.0
IND_00340,25-34,Female,100,30,Beach,4_Star,40,Museum,8300.0,3320.0,49860.0
IND_00341,18-24,Male,200,5,Historic,4_Star,30,Water Sports,16600.0,2490.0,72270.0
IND_00342,45-54,Female,80,30,Mountain,3_Star,100,Sightseeing,6640.0,8300.0,59820.0
IND_00343,35-44,Female,100,5,City,4_Star,10,Sightseeing,8300.0,830.0,42390.0
IND_00344,35-44,Male,40,30,City,Budget,75,Sightseeing,3320.0,6225.0,43635.0
IND_00345,65+,Female,80,50,Beach,5_Star,10,Sightseeing,6640.0,830.0,37410.0
IND_00346,35-44,Female,80,5,Historic,3_Star,100,Museum,6640.0,8300.0,59820.0
IND_00347,25-34,Female,100,10,Beach,Budget,100,Hiking,8300.0,8300.0,64800.0
IND_00348,25-34,Male,200,40,Historic,4_Star,75,Food Tour,16600.0,6225.0,83475.0
IND_00349,25-34,Male,60,40,City,3_Star,75,Sightseeing,4980.0,6225.0,48615.0
IND_00350,18-24,Male,150,30,Beach,3_Star,20,Sightseeing,12450.0,1660.0,57330.0
IND_00351,45-54,Male,40,50,Beach,4_Star,20,Sightseeing,3320.0,1660.0,29940.0
IND_00352,45-54,Male,80,20,City,3_Star,20,Sightseeing,6640.0,1660.0,39900.0
IND_00353,25-34,Male,20,30,Beach,3_Star,30,Sightseeing,1660.0,2490.0,27450.0
IND_00354,25-34,Male,60,20,Historic,4_Star,30,Museum,4980.0,2490.0,37410.0
IND_00355,55-64,Male,200,50,Beach,3_Star,20,Museum,16600.0,1660.0,69780.0
IND_00356,18-24,Male,100,20,Beach,Budget,10,Museum,8300.0,830.0,42390.0
IND_00357,35-44,Female,300,5,Beach,3_Star,75,Hiking,24900.0,6225.0,108375.0
IND_00358,25-34,Female,40,50,City,3_Star,50,Museum,3320.0,4150.0,37410.0
IND_00359,35-44,Male,80,20,Beach,4_Star,75,Water Sports,6640.0,6225.0,53595.0
IND_00360,18-24,Male,40,40,Beach,3_Star,30,Museum,3320.0,2490.0,32430.0
IND_00361,35-44,Female,60,20,City,5_Star,75,Museum,4980.0,6225.0,48615.0
IND_00362,25-34,Male,20,10,Beach,3_Star,20,Sightseeing,1660.0,1660.0,24960.0
IND_00363,35-44,Male,40,10,City,5_Star,75,Sightseeing,3320.0,6225.0,43635.0
IND_00364,18-24,Male,20,5,Historic,3_Star,20,Sightseeing,1660.0,1660.0,24960.0
IND_00365,25-34,Female,150,5,Beach,4_Star,40,Sightseeing,12450.0,3320.0,62310.0
IND_00366,35-44,Male,300,20,Mountain,3_Star,100,Food Tour,24900.0,8300.0,114600.0
IND_00367,25-34,Female,20,40,Nature,Budget,10,Museum,1660.0,830.0,22470.0
IND_00368,18-24,Female,60,10,Beach,3_Star,75,Sightseeing,4980.0,6225.0,48615.0
IND_00369,18-24,Male,300,40,City,4_Star,40,Water Sports,24900.0,3320.0,99660.0
IND_00370,25-34,Female,20,30,City,3_Star,30,Museum,1660.0,2490.0,27450.0
IND_00371,18-24,Female,150,40,Beach,3_Star,100,Hiking,12450.0,8300.0,77250.0
IND_00372,55-64,Male,100,30,Beach,4_Star,75,Sightseeing,8300.0,6225.0,58575.0
IND_00373,25-34,Male,200,50,City,4_Star,75,Museum,16600.0,6225.0,83475.0
IND_00374,45-54,Male,80,10,Beach,3_Star,100,Hiking,6640.0,8300.0,59820.0
IND_00375,65+,Male,20,40,City,4_Star,75,Sightseeing,1660.0,6225.0,38655.0
IND_00376,18-24,Male,100,50,Beach,4_Star,75,Hiking,8300.0,6225.0,58575.0
IND_00377,35-44,Female,300,30,Beach,3_Star,20,Food Tour,24900.0,1660.0,94680.0
IND_00378,55-64,Male,100,50,Beach,4_Star,30,Sightseeing,8300.0,2490.0,47370.0
IND_00379,35-44,Male,20,40,Beach,Budget,30,Sightseeing,1660.0,2490.0,27450.0
IND_00380,25-34,Female,20,20,Mountain,Budget,20,Sightseeing,1660.0,1660.0,24960.0
IND_00381,25-34,Male,80,40,Nature,4_Star,30,Museum,6640.0,2490.0,42390.0
IND_00382,18-24,Female,150,20,Beach,4_Star,75,Food Tour,12450.0,6225.0,71025.0
IND_00383,35-44,Female,40,50,City,3_Star,50,Sightseeing,3320.0,4150.0,37410.0
IND_00384,65+,Male,80,5,Beach,4_Star,10,Hiking,6640.0,830.0,37410.0
IND_00385,65+,Male,300,50,City,Budget,50,Museum,24900.0,4150.0,102150.0
IND_00386,18-24,Other,300,50,Beach,4_Star,30,Hiking,24900.0,2490.0,97170.0
IND_00387,45-54,Female,300,10,Beach,3_Star,10,Hiking,24900.0,830.0,92190.0
IND_00388,25-34,Female,100,5,City,4_Star,10,Sightseeing,8300.0,830.0,42390.0
IND_00389,55-64,Male,300,30,City,5_Star,10,Museum,24900.0,830.0,92190.0
IND_00390,18-24,Female,80,30,Historic,3_Star,20,Museum,6640.0,1660.0,39900.0
IND_00391,55-64,Male,300,20,City,3_Star,50,Sightseeing,24900.0,4150.0,102150.0
IND_00392,45-54,Male,60,30,Beach,Budget,30,Water Sports,4980.0,2490.0,37410.0
IND_00393,18-24,Male,300,30,Beach,Budget,100,Museum,24900.0,8300.0,114600.0
IND_00394,18-24,Female,100,20,City,5_Star,30,Museum,8300.0,2490.0,47370.0
IND_00395,45-54,Male,300,20,Beach,5_Star,10,Food Tour,24900.0,830.0,92190.0
IND_00396,18-24,Male,80,5,City,4_Star,10,Water Sports,6640.0,830.0,37410.0
IND_00397,35-44,Female,300,30,City,5_Star,20,Water Sports,24900.0,1660.0,94680.0
IND_00398,55-64,Male,100,30,City,Budget,50,Food Tour,8300.0,4150.0,52350.0
IND_00399,35-44,Male,200,50,Mountain,4_Star,40,Museum,16600.0,3320.0,74760.0
IND_00400,25-34,Male,300,20,Beach,Budget,100,Hiking,24900.0,8300.0,114600.0
IND_00401,25-34,Male,20,5,Mountain,4_Star,10,Sightseeing,1660.0,830.0,22470.0
IND_00402,18-24,Female,80,5,Beach,4_Star,10,Sightseeing,6640.0,830.0,37410.0
IND_00403,65+,Female,20,50,City,4_Star,40,Food Tour,1660.0,3320.0,29940.0
IND_00404,25-34,Male,60,50,City,3_Star,50,Sightseeing,4980.0,4150.0,42390.0
IND_00405,18-24,Other,20,40,Nature,5_Star,30,Sightseeing,1660.0,2490.0,27450.0
IND_00406,25-34,Female,80,20,City,4_Star,20,Museum,6640.0,1660.0,39900.0
IND_00407,65+,Male,60,50,City,5_Star,40,Hiking,4980.0,3320.0,39900.0
IND_00408,18-24,Female,20,40,Historic,3_Star,50,Food Tour,1660.0,4150.0,32430.0
IND_00409,55-64,Male,80,10,City,3_Star,40,Food Tour,6640.0,3320.0,44880.0
IND_00410,45-54,Other,80,10,City,5_Star,20,Food Tour,6640.0,1660.0,39900.0
IND_00411,45-54,Female,20,50,Beach,4_Star,10,Hiking,1660.0,830.0,22470.0
IND_00412,65+,Female,300,5,Beach,Budget,100,Museum,24900.0,8300.0,114600.0
IND_00413,45-54,Male,60,40,Beach,3_Star,30,Sightseeing,4980.0,2490.0,37410.0
IND_00414,55-64,Female,40,5,Beach,Budget,10,Water Sports,3320.0,830.0,27450.0
IND_00415,18-24,Male,20,40,Beach,5_Star,30,Hiking,1660.0,2490.0,27450.0
IND_00416,45-54,Male,20,20,City,3_Star,20,Sightseeing,1660.0,1660.0,24960.0
IND_00417,35-44,Male,150,5,Mountain,3_Star,20,Sightseeing,12450.0,1660.0,57330.0
IND_00418,35-44,Female,20,5,Beach,Budget,50,Sightseeing,1660.0,4150.0,32430.0
IND_00419,55-64,Male,20,10,City,3_Star,50,Museum,1660.0,4150.0,32430.0
IND_00420,65+,Female,150,50,Beach,3_Star,50,Hiking,12450.0,4150.0,64800.0
IND_00421,45-54,Female,60,50,City,5_Star,100,Museum,4980.0,8300.0,54840.0
IND_00422,35-44,Male,200,10,Beach,5_Star,40,Hiking,16600.0,3320.0,74760.0
IND_00423,25-34,Male,150,10,City,3_Star,75,Museum,12450.0,6225.0,71025.0
IND_00424,25-34,Male,150,5,Beach,5_Star,20,Sightseeing,12450.0,1660.0,57330.0
IND_00425,25-34,Male,20,30,Beach,4_Star,50,Sightseeing,1660.0,4150.0,32430.0
IND_00426,25-34,Female,150,40,City,4_Star,50,Hiking,12450.0,4150.0,64800.0
IND_00427,18-24,Male,300,30,Nature,3_Star,30,Museum,24900.0,2490.0,97170.0
IND_00428,18-24,Female,200,40,Historic,4_Star,100,Museum,16600.0,8300.0,89700.0
IND_00429,45-54,Male,300,50,City,5_Star,100,Museum,24900.0,8300.0,114600.0
IND_00430,25-34,Female,200,50,Beach,4_Star,50,Sightseeing,16600.0,4150.0,77250.0
IND_00431,55-64,Female,300,10,Historic,3_Star,20,Museum,24900.0,1660.0,94680.0
IND_00432,35-44,Female,60,10,Beach,Budget,20,Museum,4980.0,1660.0,34920.0
IND_00433,18-24,Female,60,20,Beach,3_Star,50,Water Sports,4980.0,4150.0,42390.0
IND_00434,18-24,Female,100,5,City,4_Star,100,Sightseeing,8300.0,8300.0,64800.0
IND_00435,25-34,Male,40,20,Historic,Budget,20,Sightseeing,3320.0,1660.0,29940.0
IND_00436,65+,Male,150,40,Mountain,3_Star,50,Museum,12450.0,4150.0,64800.0
IND_00437,25-34,Male,300,10,Beach,4_Star,50,Museum,24900.0,4150.0,102150.0
IND_00438,35-44,Male,60,40,City,5_Star,50,Museum,4980.0,4150.0,42390.0
IND_00439,55-64,Female,60,50,Beach,4_Star,20,Food Tour,4980.0,1660.0,34920.0
IND_00440,65+,Male,150,20,Beach,4_Star,20,Water Sports,12450.0,1660.0,57330.0
IND_00441,25-34,Female,100,10,City,3_Star,40,Sightseeing,8300.0,3320.0,49860.0
IND_00442,18-24,Male,150,50,Historic,4_Star,30,Sightseeing,12450.0,2490.0,59820.0
IND_00443,18-24,Female,80,40,Mountain,4_Star,50,Sightseeing,6640.0,4150.0,47370.0
IND_00444,18-24,Male,20,40,City,3_Star,40,Sightseeing,1660.0,3320.0,29940.0
IND_00445,18-24,Male,40,20,City,5_Star,50,Sightseeing,3320.0,4150.0,37410.0
IND_00446,35-44,Female,20,20,Historic,3_Star,50,Food Tour,1660.0,4150.0,32430.0
IND_00447,55-64,Other,40,40,City,4_Star,100,Water Sports,3320.0,8300.0,49860.0
IND_00448,35-44,Male,150,40,City,4_Star,30,Museum,12450.0,2490.0,59820.0
IND_00449,35-44,Male,20,10,City,5_Star,30,Water Sports,1660.0,2490.0,27450.0
IND_00450,25-34,Male,20,5,City,3_Star,50,Museum,1660.0,4150.0,32430.0
IND_00451,45-54,Male,40,5,Historic,3_Star,40,Sightseeing,3320.0,3320.0,34920.0
IND_00452,35-44,Female,100,20,Beach,5_Star,20,Water Sports,8300.0,1660.0,44880.0
IND_00453,55-64,Female,20,20,Beach,3_Star,20,Sightseeing,1660.0,1660.0,24960.0
IND_00454,55-64,Male,20,10,Beach,Budget,75,Sightseeing,1660.0,6225.0,38655.0
IND_00455,25-34,Male,300,5,City,3_Star,10,Sightseeing,24900.0,830.0,92190.0
IND_00456,18-24,Male,200,10,Beach,4_Star,20,Sightseeing,16600.0,1660.0,69780.0
IND_00457,25-34,Other,40,50,Beach,4_Star,75,Museum,3320.0,6225.0,43635.0
IND_00458,25-34,Male,100,10,Beach,Budget,100,Museum,8300.0,8300.0,64800.0
IND_00459,55-64,Female,200,30,Beach,4_Star,75,Sightseeing,16600.0,6225.0,83475.0
IND_00460,25-34,Male,40,40,City,4_Star,75,Sightseeing,3320.0,6225.0,43635.0
IND_00461,45-54,Male,100,30,City,4_Star,20,Hiking,8300.0,1660.0,44880.0
IND_00462,35-44,Male,200,40,Beach,3_Star,75,Museum,16600.0,6225.0,83475.0
IND_00463,18-24,Female,20,10,Historic,4_Star,30,Museum,1660.0,2490.0,27450.0
IND_00464,25-34,Male,20,10,City,4_Star,30,Sightseeing,1660.0,2490.0,27450.0
IND_00465,35-44,Male,200,5,Historic,Budget,20,Museum,16600.0,1660.0,69780.0
IND_00466,35-44,Female,300,20,City,4_Star,30,Sightseeing,24900.0,2490.0,97170.0
IND_00467,25-34,Female,150,30,Historic,4_Star,50,Sightseeing,12450.0,4150.0,64800.0
IND_00468,25-34,Female,300,30,City,3_Star,75,Sightseeing,24900.0,6225.0,108375.0
IND_00469,45-54,Male,150,50,City,4_Star,50,Sightseeing,12450.0,4150.0,64800.0
IND_00470,18-24,Male,150,5,Nature,Budget,75,Sightseeing,12450.0,6225.0,71025.0
IND_00471,55-64,Male,20,30,Historic,3_Star,20,Museum,1660.0,1660.0,24960.0
IND_00472,18-24,Male,200,20,Nature,5_Star,50,Water Sports,16600.0,4150.0,77250.0
IND_00473,18-24,Male,60,40,Historic,Budget,50,Food Tour,4980.0,4150.0,42390.0
IND_00474,35-44,Male,200,10,City,5_Star,30,Sightseeing,16600.0,2490.0,72270.0
IND_00475,35-44,Male,20,5,Beach,4_Star,75,Sightseeing,1660.0,6225.0,38655.0
IND_00476,35-44,Male,80,30,Nature,Budget,40,Sightseeing,6640.0,3320.0,44880.0
IND_00477,25-34,Male,100,10,City,Budget,20,Food Tour,8300.0,1660.0,44880.0
IND_00478,65+,Male,20,50,Nature,Budget,50,Sightseeing,1660.0,4150.0,32430.0
IND_00479,35-44,Male,60,40,City,4_Star,10,Sightseeing,4980.0,830.0,32430.0
IND_00480,25-34,Male,20,20,Historic,3_Star,75,Museum,1660.0,6225.0,38655.0
IND_00481,25-34,Male,80,20,City,4_Star,20,Sightseeing,6640.0,1660.0,39900.0
IND_00482,18-24,Male,20,40,Historic,5_Star,40,Water Sports,1660.0,3320.0,29940.0
IND_00483,35-44,Male,40,20,City,5_Star,75,Sightseeing,3320.0,6225.0,43635.0
IND_00484,25-34,Male,100,40,City,4_Star,75,Hiking,8300.0,6225.0,58575.0
IND_00485,35-44,Male,80,40,Historic,3_Star,30,Museum,6640.0,2490.0,42390.0
IND_00486,18-24,Male,20,50,Beach,Budget,50,Sightseeing,1660.0,4150.0,32430.0
IND_00487,65+,Male,200,10,City,3_Star,10,Museum,16600.0,830.0,67290.0
IND_00488,25-34,Male,80,30,Nature,3_Star,75,Museum,6640.0,6225.0,53595.0
IND_00489,55-64,Male,60,20,City,5_Star,20,Sightseeing,4980.0,1660.0,34920.0
IND_00490,25-34,Male,60,10,Beach,4_Star,75,Museum,4980.0,6225.0,48615.0
IND_00491,18-24,Female,20,10,City,3_Star,40,Sightseeing,1660.0,3320.0,29940.0
IND_00492,45-54,Female,200,5,Beach,3_Star,30,Sightseeing,16600.0,2490.0,72270.0
IND_00493,35-44,Female,200,10,Beach,3_Star,30,Sightseeing,16600.0,2490.0,72270.0
IND_00494,45-54,Male,20,5,City,3_Star,75,Hiking,1660.0,6225.0,38655.0
IND_00495,25-34,Female,300,10,Historic,Budget,30,Water Sports,24900.0,2490.0,97170.0
IND_00496,35-44,Male,150,5,Mountain,4_Star,50,Sightseeing,12450.0,4150.0,64800.0
IND_00497,45-54,Male,150,5,Historic,3_Star,10,Museum,12450.0,830.0,54840.0
IND_00498,35-44,Male,20,30,Mountain,4_Star,50,Sightseeing,1660.0,4150.0,32430.0
IND_00499,25-34,Male,60,50,Beach,Budget,10,Museum,4980.0,830.0,32430.0
IND_00500,35-44,Male,100,20,City,3_Star,20,Museum,8300.0,1660.0,44880.0
IND_00501,35-44,Female,150,30,Nature,3_Star,75,Food Tour,12450.0,6225.0,71025.0
IND_00502,65+,Female,60,30,Beach,Budget,75,Museum,4980.0,6225.0,48615.0
IND_00503,25-34,Female,200,30,Mountain,Budget,10,Water Sports,16600.0,830.0,67290.0
IND_00504,25-34,Male,100,5,Mountain,4_Star,10,Museum,8300.0,830.0,42390.0
IND_00505,45-54,Male,200,20,City,4_Star,10,Sightseeing,16600.0,830.0,67290.0
IND_00506,35-44,Female,20,40,Nature,4_Star,20,Museum,1660.0,1660.0,24960.0
IND_00507,45-54,Male,60,10,Historic,5_Star,20,Sightseeing,4980.0,1660.0,34920.0
IND_00508,25-34,Female,100,5,Historic,5_Star,30,Sightseeing,8300.0,2490.0,47370.0
IND_00509,25-34,Male,200,30,City,4_Star,40,Water Sports,16600.0,3320.0,74760.0
IND_00510,45-54,Male,100,40,Beach,Budget,75,Sightseeing,8300.0,6225.0,58575.0
IND_00511,18-24,Male,60,40,Nature,3_Star,10,Food Tour,4980.0,830.0,32430.0
IND_00512,18-24,Female,200,40,Historic,4_Star,30,Sightseeing,16600.0,2490.0,72270.0
IND_00513,35-44,Male,20,10,Beach,5_Star,10,Museum,1660.0,830.0,22470.0
IND_00514,45-54,Male,20,30,Historic,5_Star,50,Sightseeing,1660.0,4150.0,32430.0
IND_00515,55-64,Male,60,50,Beach,4_Star,100,Food Tour,4980.0,8300.0,54840.0
IND_00516,25-34,Male,20,10,City,4_Star,100,Water Sports,1660.0,8300.0,44880.0
IND_00517,18-24,Male,60,40,City,Budget,10,Hiking,4980.0,830.0,32430.0
IND_00518,65+,Female,300,30,Beach,3_Star,50,Museum,24900.0,4150.0,102150.0
IND_00519,18-24,Male,80,10,Historic,Budget,75,Water Sports,6640.0,6225.0,53595.0
IND_00520,18-24,Female,80,50,Beach,3_Star,75,Sightseeing,6640.0,6225.0,53595.0
IND_00521,25-34,Female,80,5,Beach,4_Star,10,Food Tour,6640.0,830.0,37410.0
IND_00522,35-44,Male,150,40,Beach,Budget,10,Sightseeing,12450.0,830.0,54840.0
IND_00523,55-64,Male,80,30,Historic,4_Star,30,Water Sports,6640.0,2490.0,42390.0
IND_00524,45-54,Male,60,5,City,4_Star,10,Museum,4980.0,830.0,32430.0
IND_00525,45-54,Male,20,20,Beach,5_Star,30,Food Tour,1660.0,2490.0,27450.0
IND_00526,18-24,Male,150,10,City,5_Star,20,Hiking,12450.0,1660.0,57330.0
IND_00527,25-34,Female,200,20,Nature,4_Star,100,Food Tour,16600.0,8300.0,89700.0
IND_00528,25-34,Other,80,40,Beach,4_Star,100,Museum,6640.0,8300.0,59820.0
IND_00529,18-24,Female,60,30,Mountain,4_Star,30,Museum,4980.0,2490.0,37410.0
IND_00530,25-34,Male,200,10,City,Budget,75,Museum,16600.0,6225.0,83475.0
IND_00531,25-34,Female,300,40,City,4_Star,10,Food Tour,24900.0,830.0,92190.0
IND_00532,18-24,Female,80,40,City,5_Star,30,Hiking,6640.0,2490.0,42390.0
IND_00533,35-44,Male,40,5,Beach,3_Star,100,Sightseeing,3320.0,8300.0,49860.0
IND_00534,45-54,Female,150,50,Beach,Budget,100,Hiking,12450.0,8300.0,77250.0
IND_00535,18-24,Male,100,5,Beach,3_Star,30,Sightseeing,8300.0,2490.0,47370.0
IND_00536,35-44,Male,60,10,City,Budget,50,Food Tour,4980.0,4150.0,42390.0
IND_00537,45-54,Male,200,10,Historic,4_Star,10,Hiking,16600.0,830.0,67290.0
IND_00538,45-54,Male,40,5,City,4_Star,75,Sightseeing,3320.0,6225.0,43635.0
IND_00539,45-54,Male,20,30,Historic,Budget,20,Sightseeing,1660.0,1660.0,24960.0
IND_00540,25-34,Female,40,20,City,3_Star,10,Museum,3320.0,830.0,27450.0
IND_00541,45-54,Other,150,40,Beach,4_Star,40,Sightseeing,12450.0,3320.0,62310.0
IND_00542,25-34,Male,100,10,City,5_Star,75,Museum,8300.0,6225.0,58575.0
IND_00543,25-34,Female,150,50,Historic,3_Star,50,Water Sports,12450.0,4150.0,64800.0
IND_00544,18-24,Other,80,30,City,3_Star,40,Museum,6640.0,3320.0,44880.0
IND_00545,25-34,Male,20,5,Beach,Budget,20,Sightseeing,1660.0,1660.0,24960.0
IND_00546,25-34,Male,150,10,Mountain,3_Star,10,Food Tour,12450.0,830.0,54840.0
IND_00547,25-34,Male,150,20,Mountain,3_Star,10,Food Tour,12450.0,830.0,54840.0
IND_00548,45-54,Male,200,30,Beach,Budget,10,Water Sports,16600.0,830.0,67290.0
IND_00549,25-34,Female,40,40,Beach,Budget,30,Water Sports,3320.0,2490.0,32430.0
IND_00550,25-34,Male,20,5,Historic,3_Star,40,Food Tour,1660.0,3320.0,29940.0
IND_00551,18-24,Male,60,40,Beach,Budget,10,Water Sports,4980.0,830.0,32430.0
IND_00552,25-34,Male,200,10,City,5_Star,50,Sightseeing,16600.0,4150.0,77250.0
IND_00553,25-34,Male,20,50,Historic,5_Star,75,Water Sports,1660.0,6225.0,38655.0
IND_00554,25-34,Female,200,20,Beach,5_Star,20,Sightseeing,16600.0,1660.0,69780.0
IND_00555,25-34,Male,300,50,Mountain,Budget,40,Museum,24900.0,3320.0,99660.0
IND_00556,45-54,Male,150,5,City,3_Star,30,Museum,12450.0,2490.0,59820.0
IND_00557,55-64,Male,300,10,Beach,3_Star,75,Sightseeing,24900.0,6225.0,108375.0
IND_00558,35-44,Male,150,50,City,3_Star,30,Hiking,12450.0,2490.0,59820.0
IND_00559,35-44,Male,20,10,City,4_Star,75,Hiking,1660.0,6225.0,38655.0
IND_00560,55-64,Male,300,10,City,4_Star,10,Museum,24900.0,830.0,92190.0
IND_00561,65+,Male,200,30,Historic,Budget,100,Museum,16600.0,8300.0,89700.0
IND_00562,35-44,Male,300,10,City,Budget,100,Food Tour,24900.0,8300.0,114600.0
IND_00563,55-64,Female,20,20,Beach,4_Star,50,Museum,1660.0,4150.0,32430.0
IND_00564,55-64,Male,60,40,Beach,4_Star,75,Hiking,4980.0,6225.0,48615.0
IND_00565,45-54,Female,40,20,City,4_Star,75,Food Tour,3320.0,6225.0,43635.0
IND_00566,25-34,Female,150,20,Mountain,3_Star,20,Water Sports,12450.0,1660.0,57330.0
IND_00567,18-24,Female,100,40,Historic,4_Star,20,Museum,8300.0,1660.0,44880.0
IND_00568,18-24,Male,100,50,Historic,3_Star,75,Water Sports,8300.0,6225.0,58575.0
IND_00569,25-34,Male,40,50,Beach,4_Star,10,Water Sports,3320.0,830.0,27450.0
IND_00570,35-44,Male,20,5,Nature,3_Star,50,Hiking,1660.0,4150.0,32430.0
IND_00571,25-34,Male,300,30,Beach,4_Star,10,Hiking,24900.0,830.0,92190.0
IND_00572,35-44,Female,40,20,City,3_Star,20,Sightseeing,3320.0,1660.0,29940.0
IND_00573,35-44,Male,300,20,Beach,Budget,30,Sightseeing,24900.0,2490.0,97170.0
IND_00574,45-54,Female,100,10,Historic,4_Star,75,Museum,8300.0,6225.0,58575.0
IND_00575,18-24,Female,20,10,Beach,5_Star,10,Sightseeing,1660.0,830.0,22470.0
IND_00576,25-34,Male,80,40,Beach,5_Star,10,Food Tour,6640.0,830.0,37410.0
IND_00577,45-54,Female,300,50,Historic,4_Star,20,Food Tour,24900.0,1660.0,94680.0
IND_00578,45-54,Male,100,30,City,4_Star,30,Sightseeing,8300.0,2490.0,47370.0
IND_00579,65+,Female,300,10,City,3_Star,30,Sightseeing,24900.0,2490.0,97170.0
IND_00580,55-64,Male,200,10,City,5_Star,75,Water Sports,16600.0,6225.0,83475.0
IND_00581,55-64,Male,300,10,Nature,3_Star,40,Sightseeing,24900.0,3320.0,99660.0
IND_00582,25-34,Male,200,30,Historic,4_Star,100,Museum,16600.0,8300.0,89700.0
IND_00583,25-34,Male,150,40,City,4_Star,100,Hiking,12450.0,8300.0,77250.0
IND_00584,25-34,Male,60,40,Beach,5_Star,30,Sightseeing,4980.0,2490.0,37410.0
IND_00585,35-44,Female,100,30,City,4_Star,75,Hiking,8300.0,6225.0,58575.0
IND_00586,55-64,Male,60,50,City,3_Star,50,Museum,4980.0,4150.0,42390.0
IND_00587,25-34,Male,150,50,Historic,5_Star,50,Sightseeing,12450.0,4150.0,64800.0
IND_00588,35-44,Male,100,10,City,Budget,75,Sightseeing,8300.0,6225.0,58575.0
IND_00589,25-34,Male,200,50,Beach,3_Star,20,Museum,16600.0,1660.0,69780.0
IND_00590,18-24,Male,80,5,City,3_Star,100,Food Tour,6640.0,8300.0,59820.0
IND_00591,18-24,Female,60,40,Mountain,3_Star,40,Hiking,4980.0,3320.0,39900.0
IND_00592,18-24,Male,300,30,Historic,4_Star,10,Sightseeing,24900.0,830.0,92190.0
IND_00593,55-64,Male,60,5,City,3_Star,30,Water Sports,4980.0,2490.0,37410.0
IND_00594,25-34,Male,150,10,City,5_Star,10,Sightseeing,12450.0,830.0,54840.0
IND_00595,45-54,Male,300,50,Nature,3_Star,30,Museum,24900.0,2490.0,97170.0
IND_00596,35-44,Male,60,40,City,3_Star,20,Sightseeing,4980.0,1660.0,34920.0
IND_00597,18-24,Female,80,30,Nature,4_Star,50,Sightseeing,6640.0,4150.0,47370.0
IND_00598,18-24,Male,20,40,City,3_Star,10,Sightseeing,1660.0,830.0,22470.0
IND_00599,45-54,Other,40,10,Beach,Budget,10,Museum,3320.0,830.0,27450.0
IND_00600,25-34,Male,150,10,Mountain,Budget,100,Museum,12450.0,8300.0,77250.0
IND_00601,55-64,Male,20,30,Beach,3_Star,30,Food Tour,1660.0,2490.0,27450.0
IND_00602,18-24,Female,60,20,City,4_Star,10,Sightseeing,4980.0,830.0,32430.0
IND_00603,35-44,Female,40,10,Beach,Budget,75,Food Tour,3320.0,6225.0,43635.0
IND_00604,45-54,Female,40,5,City,4_Star,100,Museum,3320.0,8300.0,49860.0
IND_00605,25-34,Female,200,20,Beach,4_Star,30,Hiking,16600.0,2490.0,72270.0
IND_00606,25-34,Female,60,40,Mountain,4_Star,30,Hiking,4980.0,2490.0,37410.0
IND_00607,65+,Female,80,20,Beach,4_Star,40,Sightseeing,6640.0,3320.0,44880.0
IND_00608,25-34,Male,150,30,Historic,3_Star,10,Food Tour,12450.0,830.0,54840.0
IND_00609,25-34,Female,300,10,City,5_Star,100,Museum,24900.0,8300.0,114600.0
IND_00610,25-34,Male,150,50,City,Budget,30,Hiking,12450.0,2490.0,59820.0
IND_00611,25-34,Male,80,40,City,4_Star,20,Food Tour,6640.0,1660.0,39900.0
IND_00612,45-54,Female,20,20,Beach,3_Star,75,Museum,1660.0,6225.0,38655.0
IND_00613,45-54,Female,80,20,City,4_Star,30,Museum,6640.0,2490.0,42390.0
IND_00614,25-34,Other,150,30,Beach,4_Star,10,Water Sports,12450.0,830.0,54840.0
IND_00615,45-54,Male,20,5,City,Budget,40,Sightseeing,1660.0,3320.0,29940.0
IND_00616,25-34,Female,100,30,City,4_Star,100,Hiking,8300.0,8300.0,64800.0
IND_00617,18-24,Female,20,10,Beach,Budget,40,Sightseeing,1660.0,3320.0,29940.0
IND_00618,35-44,Male,200,30,Beach,4_Star,20,Sightseeing,16600.0,1660.0,69780.0
IND_00619,65+,Male,300,20,Nature,4_Star,20,Hiking,24900.0,1660.0,94680.0
IND_00620,18-24,Male,20,20,City,Budget,100,Sightseeing,1660.0,8300.0,44880.0
IND_00621,25-34,Female,300,30,Historic,4_Star,75,Museum,24900.0,6225.0,108375.0
IND_00622,35-44,Male,60,20,Beach,4_Star,10,Hiking,4980.0,830.0,32430.0
IND_00623,45-54,Other,20,40,City,3_Star,20,Sightseeing,1660.0,1660.0,24960.0
IND_00624,18-24,Male,200,10,Nature,4_Star,75,Hiking,16600.0,6225.0,83475.0
IND_00625,25-34,Female,60,5,Beach,Budget,30,Sightseeing,4980.0,2490.0,37410.0
IND_00626,45-54,Male,80,40,City,Budget,40,Sightseeing,6640.0,3320.0,44880.0
IND_00627,25-34,Female,300,30,City,3_Star,100,Museum,24900.0,8300.0,114600.0
IND_00628,18-24,Male,300,40,Beach,5_Star,75,Hiking,24900.0,6225.0,108375.0
IND_00629,18-24,Male,100,20,Historic,Budget,50,Museum,8300.0,4150.0,52350.0
IND_00630,25-34,Female,150,40,Historic,4_Star,50,Sightseeing,12450.0,4150.0,64800.0
IND_00631,25-34,Female,60,5,City,4_Star,20,Sightseeing,4980.0,1660.0,34920.0
IND_00632,55-64,Female,20,50,Mountain,4_Star,20,Food Tour,1660.0,1660.0,24960.0
IND_00633,35-44,Male,150,50,City,3_Star,75,Sightseeing,12450.0,6225.0,71025.0
IND_00634,35-44,Male,80,10,Beach,3_Star,10,Food Tour,6640.0,830.0,37410.0
IND_00635,65+,Male,300,10,City,3_Star,50,Museum,24900.0,4150.0,102150.0
IND_00636,25-34,Male,60,5,City,4_Star,30,Hiking,4980.0,2490.0,37410.0
IND_00637,25-34,Female,40,50,Beach,3_Star,10,Hiking,3320.0,830.0,27450.0
IND_00638,55-64,Female,200,5,Beach,3_Star,50,Water Sports,16600.0,4150.0,77250.0
IND_00639,25-34,Female,100,40,Beach,3_Star,10,Sightseeing,8300.0,830.0,42390.0
IND_00640,45-54,Female,40,5,Beach,Budget,75,Museum,3320.0,6225.0,43635.0
IND_00641,45-54,Female,150,50,Beach,Budget,20,Museum,12450.0,1660.0,57330.0
IND_00642,18-24,Female,300,10,Beach,3_Star,20,Water Sports,24900.0,1660.0,94680.0
IND_00643,25-34,Male,150,20,Beach,5_Star,50,Hiking,12450.0,4150.0,64800.0
IND_00644,25-34,Male,150,5,City,5_Star,30,Sightseeing,12450.0,2490.0,59820.0
IND_00645,18-24,Male,40,10,City,Budget,30,Museum,3320.0,2490.0,32430.0
IND_00646,25-34,Female,100,50,Beach,4_Star,30,Food Tour,8300.0,2490.0,47370.0
IND_00647,25-34,Male,150,30,Historic,3_Star,40,Hiking,12450.0,3320.0,62310.0
IND_00648,45-54,Male,100,10,City,4_Star,75,Museum,8300.0,6225.0,58575.0
IND_00649,55-64,Female,300,50,City,Budget,75,Sightseeing,24900.0,6225.0,108375.0
IND_00650,45-54,Male,300,50,City,3_Star,10,Museum,24900.0,830.0,92190.0
IND_00651,25-34,Male,100,20,Mountain,3_Star,40,Museum,8300.0,3320.0,49860.0
IND_00652,25-34,Female,200,20,Mountain,4_Star,40,Sightseeing,16600.0,3320.0,74760.0
IND_00653,25-34,Female,20,50,Beach,Budget,100,Sightseeing,1660.0,8300.0,44880.0
IND_00654,18-24,Male,300,30,City,4_Star,50,Museum,24900.0,4150.0,102150.0
IND_00655,55-64,Female,40,10,City,3_Star,75,Museum,3320.0,6225.0,43635.0
IND_00656,25-34,Male,200,30,Beach,3_Star,40,Museum,16600.0,3320.0,74760.0
IND_00657,25-34,Female,80,20,Beach,5_Star,40,Sightseeing,6640.0,3320.0,44880.0
IND_00658,45-54,Male,60,20,Historic,Budget,40,Sightseeing,4980.0,3320.0,39900.0
IND_00659,25-34,Male,200,30,Historic,3_Star,10,Sightseeing,16600.0,830.0,67290.0
IND_00660,18-24,Male,40,20,Beach,3_Star,40,Hiking,3320.0,3320.0,34920.0
IND_00661,18-24,Male,100,30,City,3_Star,100,Sightseeing,8300.0,8300.0,64800.0
IND_00662,35-44,Female,60,30,Historic,3_Star,100,Museum,4980.0,8300.0,54840.0
IND_00663,45-54,Male,60,50,City,4_Star,20,Museum,4980.0,1660.0,34920.0
IND_00664,25-34,Male,300,50,City,4_Star,40,Sightseeing,24900.0,3320.0,99660.0
IND_00665,55-64,Male,40,50,Historic,3_Star,75,Museum,3320.0,6225.0,43635.0
IND_00666,45-54,Female,300,40,Beach,3_Star,75,Sightseeing,24900.0,6225.0,108375.0
IND_00667,45-54,Female,20,20,Beach,3_Star,50,Food Tour,1660.0,4150.0,32430.0
IND_00668,25-34,Other,40,20,City,4_Star,40,Sightseeing,3320.0,3320.0,34920.0
IND_00669,18-24,Male,60,5,Beach,3_Star,100,Water Sports,4980.0,8300.0,54840.0
IND_00670,55-64,Male,40,40,Beach,3_Star,50,Hiking,3320.0,4150.0,37410.0
IND_00671,25-34,Male,60,50,Beach,4_Star,75,Sightseeing,4980.0,6225.0,48615.0
IND_00672,35-44,Male,150,30,Historic,3_Star,75,Museum,12450.0,6225.0,71025.0
IND_00673,45-54,Other,20,50,Beach,3_Star,20,Museum,1660.0,1660.0,24960.0
IND_00674,18-24,Female,100,30,City,Budget,100,Sightseeing,8300.0,8300.0,64800.0
IND_00675,45-54,Male,80,5,Mountain,5_Star,30,Food Tour,6640.0,2490.0,42390.0
IND_00676,55-64,Male,100,50,Historic,4_Star,10,Food Tour,8300.0,830.0,42390.0
IND_00677,45-54,Female,60,20,City,4_Star,20,Sightseeing,4980.0,1660.0,34920.0
IND_00678,25-34,Male,300,30,Beach,Budget,50,Museum,24900.0,4150.0,102150.0
IND_00679,55-64,Male,60,30,City,3_Star,100,Sightseeing,4980.0,8300.0,54840.0
IND_00680,35-44,Male,100,20,Beach,5_Star,20,Water Sports,8300.0,1660.0,44880.0
IND_00681,45-54,Male,80,20,Historic,5_Star,50,Sightseeing,6640.0,4150.0,47370.0
IND_00682,45-54,Male,100,40,City,Budget,10,Food Tour,8300.0,830.0,42390.0
IND_00683,45-54,Male,80,10,Historic,Budget,40,Water Sports,6640.0,3320.0,44880.0
IND_00684,25-34,Male,150,20,City,3_Star,100,Water Sports,12450.0,8300.0,77250.0
IND_00685,18-24,Male,40,5,City,3_Star,50,Water Sports,3320.0,4150.0,37410.0
IND_00686,25-34,Male,100,10,City,3_Star,100,Water Sports,8300.0,8300.0,64800.0
IND_00687,35-44,Male,200,40,Historic,3_Star,100,Museum,16600.0,8300.0,89700.0
IND_00688,35-44,Female,100,30,City,Budget,50,Hiking,8300.0,4150.0,52350.0
IND_00689,35-44,Female,40,20,City,4_Star,10,Food Tour,3320.0,830.0,27450.0
IND_00690,25-34,Male,150,50,Historic,3_Star,30,Museum,12450.0,2490.0,59820.0
IND_00691,45-54,Male,60,10,Beach,Budget,10,Sightseeing,4980.0,830.0,32430.0
IND_00692,55-64,Female,300,30,Beach,4_Star,75,Food Tour,24900.0,6225.0,108375.0
IND_00693,25-34,Male,200,5,Beach,3_Star,20,Sightseeing,16600.0,1660.0,69780.0
IND_00694,45-54,Male,300,50,Beach,5_Star,100,Sightseeing,24900.0,8300.0,114600.0
IND_00695,35-44,Female,200,50,City,Budget,50,Food Tour,16600.0,4150.0,77250.0
IND_00696,35-44,Male,150,40,City,4_Star,100,Hiking,12450.0,8300.0,77250.0
IND_00697,18-24,Female,150,10,Beach,3_Star,75,Sightseeing,12450.0,6225.0,71025.0
IND_00698,45-54,Male,60,20,Beach,5_Star,100,Water Sports,4980.0,8300.0,54840.0
IND_00699,65+,Female,60,20,City,Budget,10,Hiking,4980.0,830.0,32430.0
IND_00700,45-54,Male,200,20,Nature,3_Star,40,Water Sports,16600.0,3320.0,74760.0
IND_00701,55-64,Male,100,5,Beach,Budget,100,Water Sports,8300.0,8300.0,64800.0
IND_00702,65+,Male,150,30,City,5_Star,20,Museum,12450.0,1660.0,57330.0
IND_00703,25-34,Male,40,5,City,3_Star,30,Food Tour,3320.0,2490.0,32430.0
IND_00704,35-44,Female,60,50,Historic,3_Star,10,Museum,4980.0,830.0,32430.0
IND_00705,25-34,Male,60,5,Beach,4_Star,40,Water Sports,4980.0,3320.0,39900.0
IND_00706,65+,Male,150,20,Beach,3_Star,10,Hiking,12450.0,830.0,54840.0
IND_00707,18-24,Female,100,10,City,Budget,10,Museum,8300.0,830.0,42390.0
IND_00708,25-34,Female,80,10,Beach,3_Star,30,Sightseeing,6640.0,2490.0,42390.0
IND_00709,55-64,Male,200,50,Beach,3_Star,75,Water Sports,16600.0,6225.0,83475.0
IND_00710,25-34,Male,200,5,City,3_Star,10,Museum,16600.0,830.0,67290.0
IND_00711,45-54,Other,300,40,Historic,Budget,75,Food Tour,24900.0,6225.0,108375.0
IND_00712,25-34,Female,60,30,Beach,4_Star,50,Museum,4980.0,4150.0,42390.0
IND_00713,65+,Female,80,40,Nature,4_Star,100,Water Sports,6640.0,8300.0,59820.0
IND_00714,55-64,Female,80,20,Historic,4_Star,75,Water Sports,6640.0,6225.0,53595.0
IND_00715,25-34,Female,300,5,Historic,3_Star,75,Food Tour,24900.0,6225.0,108375.0
IND_00716,45-54,Male,200,30,City,3_Star,75,Sightseeing,16600.0,6225.0,83475.0
IND_00717,25-34,Male,300,5,City,4_Star,75,Museum,24900.0,6225.0,108375.0
IND_00718,35-44,Male,40,20,Historic,5_Star,10,Sightseeing,3320.0,830.0,27450.0
IND_00719,35-44,Female,100,30,Beach,3_Star,50,Sightseeing,8300.0,4150.0,52350.0
IND_00720,45-54,Female,100,30,City,4_Star,20,Food Tour,8300.0,1660.0,44880.0
IND_00721,18-24,Male,80,40,City,4_Star,20,Water Sports,6640.0,1660.0,39900.0
IND_00722,25-34,Male,80,10,Historic,4_Star,100,Sightseeing,6640.0,8300.0,59820.0
IND_00723,45-54,Male,200,50,Beach,Budget,100,Museum,16600.0,8300.0,89700.0
IND_00724,35-44,Female,60,20,Nature,4_Star,100,Sightseeing,4980.0,8300.0,54840.0
IND_00725,35-44,Male,80,40,Beach,3_Star,10,Food Tour,6640.0,830.0,37410.0
IND_00726,18-24,Male,20,20,Beach,3_Star,100,Hiking,1660.0,8300.0,44880.0
IND_00727,25-34,Male,150,20,Beach,3_Star,10,Food Tour,12450.0,830.0,54840.0
IND_00728,55-64,Male,20,30,City,5_Star,100,Water Sports,1660.0,8300.0,44880.0
IND_00729,18-24,Male,150,50,City,4_Star,10,Museum,12450.0,830.0,54840.0
IND_00730,25-34,Male,100,20,Beach,Budget,20,Food Tour,8300.0,1660.0,44880.0
IND_00731,55-64,Male,300,5,Nature,3_Star,10,Museum,24900.0,830.0,92190.0
IND_00732,18-24,Male,100,30,City,4_Star,75,Museum,8300.0,6225.0,58575.0
IND_00733,45-54,Male,150,20,Beach,5_Star,75,Sightseeing,12450.0,6225.0,71025.0
IND_00734,25-34,Male,300,40,Beach,3_Star,20,Sightseeing,24900.0,1660.0,94680.0
IND_00735,55-64,Male,40,40,Mountain,4_Star,75,Sightseeing,3320.0,6225.0,43635.0
IND_00736,45-54,Female,60,20,Beach,3_Star,20,Food Tour,4980.0,1660.0,34920.0
IND_00737,55-64,Male,100,50,Historic,Budget,100,Water Sports,8300.0,8300.0,64800.0
IND_00738,25-34,Male,20,40,City,3_Star,40,Sightseeing,1660.0,3320.0,29940.0
IND_00739,35-44,Male,40,40,Historic,3_Star,50,Museum,3320.0,4150.0,37410.0
IND_00740,45-54,Male,80,50,City,4_Star,75,Water Sports,6640.0,6225.0,53595.0
IND_00741,25-34,Male,40,50,City,Budget,40,Museum,3320.0,3320.0,34920.0
IND_00742,25-34,Male,20,40,Mountain,Budget,40,Museum,1660.0,3320.0,29940.0
IND_00743,18-24,Female,150,50,Beach,3_Star,50,Museum,12450.0,4150.0,64800.0
IND_00744,65+,Male,60,40,Nature,4_Star,20,Sightseeing,4980.0,1660.0,34920.0
IND_00745,45-54,Male,20,50,City,3_Star,40,Food Tour,1660.0,3320.0,29940.0
IND_00746,35-44,Male,150,40,Historic,4_Star,100,Sightseeing,12450.0,8300.0,77250.0
IND_00747,45-54,Male,40,20,Historic,3_Star,50,Water Sports,3320.0,4150.0,37410.0
IND_00748,35-44,Male,80,20,City,3_Star,30,Museum,6640.0,2490.0,42390.0
IND_00749,25-34,Female,200,40,Mountain,3_Star,100,Hiking,16600.0,8300.0,89700.0
IND_00750,25-34,Female,60,50,Beach,3_Star,75,Water Sports,4980.0,6225.0,48615.0
IND_00751,35-44,Male,100,30,City,3_Star,100,Food Tour,8300.0,8300.0,64800.0
IND_00752,25-34,Male,200,10,City,3_Star,75,Hiking,16600.0,6225.0,83475.0
IND_00753,55-64,Male,150,40,City,4_Star,10,Water Sports,12450.0,830.0,54840.0
IND_00754,45-54,Male,60,10,Beach,4_Star,10,Sightseeing,4980.0,830.0,32430.0
IND_00755,25-34,Female,80,40,Beach,4_Star,10,Water Sports,6640.0,830.0,37410.0
IND_00756,35-44,Male,40,10,City,3_Star,40,Water Sports,3320.0,3320.0,34920.0
IND_00757,18-24,Male,40,50,Beach,3_Star,40,Sightseeing,3320.0,3320.0,34920.0
IND_00758,65+,Female,60,20,Beach,4_Star,10,Sightseeing,4980.0,830.0,32430.0
IND_00759,55-64,Male,300,20,Beach,3_Star,10,Museum,24900.0,830.0,92190.0
IND_00760,55-64,Male,300,40,City,4_Star,75,Water Sports,24900.0,6225.0,108375.0
IND_00761,25-34,Female,200,40,Beach,5_Star,75,Museum,16600.0,6225.0,83475.0
IND_00762,18-24,Male,60,10,Historic,3_Star,75,Water Sports,4980.0,6225.0,48615.0
IND_00763,25-34,Male,100,5,Beach,3_Star,50,Sightseeing,8300.0,4150.0,52350.0
IND_00764,18-24,Male,60,50,Nature,Budget,30,Museum,4980.0,2490.0,37410.0
IND_00765,18-24,Female,60,50,City,3_Star,40,Museum,4980.0,3320.0,39900.0
IND_00766,18-24,Male,40,30,Historic,3_Star,50,Sightseeing,3320.0,4150.0,37410.0
IND_00767,65+,Male,300,5,City,5_Star,75,Hiking,24900.0,6225.0,108375.0
IND_00768,18-24,Male,150,50,Historic,3_Star,30,Museum,12450.0,2490.0,59820.0
IND_00769,18-24,Male,150,20,Historic,3_Star,20,Sightseeing,12450.0,1660.0,57330.0
IND_00770,45-54,Male,60,30,Historic,3_Star,40,Museum,4980.0,3320.0,39900.0
IND_00771,35-44,Male,300,40,Mountain,Budget,100,Hiking,24900.0,8300.0,114600.0
IND_00772,45-54,Male,40,30,City,4_Star,50,Sightseeing,3320.0,4150.0,37410.0
IND_00773,35-44,Male,40,10,City,3_Star,50,Water Sports,3320.0,4150.0,37410.0
IND_00774,55-64,Female,100,50,Historic,3_Star,75,Hiking,8300.0,6225.0,58575.0
IND_00775,35-44,Male,300,30,Historic,4_Star,50,Water Sports,24900.0,4150.0,102150.0
IND_00776,35-44,Female,200,50,City,4_Star,40,Sightseeing,16600.0,3320.0,74760.0
IND_00777,45-54,Male,300,5,Historic,Budget,50,Water Sports,24900.0,4150.0,102150.0
IND_00778,25-34,Male,100,40,City,3_Star,50,Sightseeing,8300.0,4150.0,52350.0
IND_00779,25-34,Female,40,10,Historic,4_Star,40,Sightseeing,3320.0,3320.0,34920.0
IND_00780,25-34,Female,80,5,City,Budget,20,Museum,6640.0,1660.0,39900.0
IND_00781,18-24,Male,80,50,Historic,Budget,30,Sightseeing,6640.0,2490.0,42390.0
IND_00782,45-54,Female,300,5,City,3_Star,40,Water Sports,24900.0,3320.0,99660.0
IND_00783,25-34,Male,60,5,City,3_Star,50,Water Sports,4980.0,4150.0,42390.0
IND_00784,18-24,Male,60,5,Beach,3_Star,10,Water Sports,4980.0,830.0,32430.0
IND_00785,25-34,Other,80,20,City,5_Star,50,Sightseeing,6640.0,4150.0,47370.0
IND_00786,45-54,Male,80,5,Beach,4_Star,40,Food Tour,6640.0,3320.0,44880.0
IND_00787,25-34,Female,100,5,City,5_Star,10,Food Tour,8300.0,830.0,42390.0
IND_00788,35-44,Male,40,30,Beach,5_Star,30,Sightseeing,3320.0,2490.0,32430.0
IND_00789,45-54,Female,200,10,Nature,Budget,75,Water Sports,16600.0,6225.0,83475.0
IND_00790,18-24,Male,100,20,Mountain,Budget,100,Sightseeing,8300.0,8300.0,64800.0
IND_00791,45-54,Male,80,5,City,4_Star,75,Sightseeing,6640.0,6225.0,53595.0
IND_00792,25-34,Male,80,40,City,5_Star,20,Sightseeing,6640.0,1660.0,39900.0
IND_00793,25-34,Male,300,20,Nature,4_Star,40,Hiking,24900.0,3320.0,99660.0
IND_00794,35-44,Male,200,50,City,Budget,100,Water Sports,16600.0,8300.0,89700.0
IND_00795,55-64,Male,100,40,Beach,Budget,40,Museum,8300.0,3320.0,49860.0
IND_00796,25-34,Male,80,20,City,5_Star,20,Museum,6640.0,1660.0,39900.0
IND_00797,35-44,Male,40,10,City,Budget,40,Sightseeing,3320.0,3320.0,34920.0
IND_00798,25-34,Male,40,50,City,5_Star,50,Museum,3320.0,4150.0,37410.0
IND_00799,35-44,Female,300,20,City,3_Star,20,Museum,24900.0,1660.0,94680.0
IND_00800,35-44,Female,300,50,Beach,5_Star,30,Food Tour,24900.0,2490.0,97170.0
IND_00801,35-44,Female,60,5,Historic,Budget,100,Sightseeing,4980.0,8300.0,54840.0
IND_00802,35-44,Male,60,40,City,5_Star,100,Water Sports,4980.0,8300.0,54840.0
IND_00803,18-24,Female,200,20,City,3_Star,100,Sightseeing,16600.0,8300.0,89700.0
IND_00804,35-44,Male,40,50,Nature,4_Star,40,Museum,3320.0,3320.0,34920.0
IND_00805,35-44,Male,150,5,Beach,3_Star,75,Sightseeing,12450.0,6225.0,71025.0
IND_00806,35-44,Male,300,50,Beach,Budget,20,Sightseeing,24900.0,1660.0,94680.0
IND_00807,18-24,Female,300,50,City,3_Star,30,Museum,24900.0,2490.0,97170.0
IND_00808,25-34,Male,150,20,City,4_Star,20,Hiking,12450.0,1660.0,57330.0
IND_00809,25-34,Male,20,30,City,Budget,50,Museum,1660.0,4150.0,32430.0
IND_00810,18-24,Other,300,30,City,4_Star,75,Museum,24900.0,6225.0,108375.0
IND_00811,25-34,Male,40,30,Beach,Budget,50,Sightseeing,3320.0,4150.0,37410.0
IND_00812,25-34,Male,60,30,City,4_Star,100,Sightseeing,4980.0,8300.0,54840.0
IND_00813,45-54,Other,40,30,City,3_Star,20,Sightseeing,3320.0,1660.0,29940.0
IND_00814,25-34,Male,20,20,Beach,5_Star,75,Sightseeing,1660.0,6225.0,38655.0
IND_00815,45-54,Male,40,50,City,3_Star,100,Sightseeing,3320.0,8300.0,49860.0
IND_00816,35-44,Female,80,50,Beach,5_Star,40,Museum,6640.0,3320.0,44880.0
IND_00817,45-54,Female,20,40,Beach,4_Star,40,Sightseeing,1660.0,3320.0,29940.0
IND_00818,25-34,Male,40,5,Historic,3_Star,100,Food Tour,3320.0,8300.0,49860.0
IND_00819,35-44,Male,40,10,City,5_Star,10,Sightseeing,3320.0,830.0,27450.0
IND_00820,35-44,Male,150,20,Historic,3_Star,40,Hiking,12450.0,3320.0,62310.0
IND_00821,55-64,Male,150,5,City,4_Star,40,Museum,12450.0,3320.0,62310.0
IND_00822,35-44,Male,40,50,Historic,3_Star,20,Food Tour,3320.0,1660.0,29940.0
IND_00823,35-44,Male,200,10,Beach,4_Star,10,Food Tour,16600.0,830.0,67290.0
IND_00824,35-44,Female,20,40,Mountain,3_Star,20,Food Tour,1660.0,1660.0,24960.0
IND_00825,45-54,Female,40,50,Beach,Budget,75,Sightseeing,3320.0,6225.0,43635.0
IND_00826,18-24,Male,80,10,City,5_Star,50,Museum,6640.0,4150.0,47370.0
IND_00827,35-44,Male,300,40,Historic,3_Star,75,Sightseeing,24900.0,6225.0,108375.0
IND_00828,35-44,Male,60,30,Beach,4_Star,75,Museum,4980.0,6225.0,48615.0
IND_00829,55-64,Female,300,30,City,5_Star,75,Sightseeing,24900.0,6225.0,108375.0
IND_00830,35-44,Male,60,5,Beach,Budget,50,Sightseeing,4980.0,4150.0,42390.0
IND_00831,25-34,Male,150,30,Nature,3_Star,10,Hiking,12450.0,830.0,54840.0
IND_00832,65+,Male,60,30,Mountain,Budget,10,Sightseeing,4980.0,830.0,32430.0
IND_00833,25-34,Male,100,5,City,5_Star,10,Hiking,8300.0,830.0,42390.0
IND_00834,18-24,Female,60,50,City,5_Star,40,Sightseeing,4980.0,3320.0,39900.0
IND_00835,25-34,Female,40,40,City,5_Star,10,Hiking,3320.0,830.0,27450.0
IND_00836,18-24,Male,80,30,Historic,3_Star,10,Sightseeing,6640.0,830.0,37410.0
IND_00837,18-24,Female,60,20,City,3_Star,50,Sightseeing,4980.0,4150.0,42390.0
IND_00838,25-34,Other,100,50,City,5_Star,100,Sightseeing,8300.0,8300.0,64800.0
IND_00839,45-54,Male,80,20,Mountain,5_Star,30,Museum,6640.0,2490.0,42390.0
IND_00840,45-54,Male,100,5,Beach,Budget,10,Water Sports,8300.0,830.0,42390.0
IND_00841,18-24,Male,40,50,Historic,Budget,20,Hiking,3320.0,1660.0,29940.0
IND_00842,35-44,Female,100,30,Beach,3_Star,100,Museum,8300.0,8300.0,64800.0
IND_00843,18-24,Male,150,30,Historic,4_Star,100,Museum,12450.0,8300.0,77250.0
IND_00844,55-64,Male,40,40,City,3_Star,30,Water Sports,3320.0,2490.0,32430.0
IND_00845,18-24,Male,40,5,Beach,3_Star,40,Sightseeing,3320.0,3320.0,34920.0
IND_00846,35-44,Female,20,5,City,4_Star,50,Sightseeing,1660.0,4150.0,32430.0
IND_00847,25-34,Male,40,20,Historic,3_Star,40,Sightseeing,3320.0,3320.0,34920.0
IND_00848,35-44,Female,300,50,City,Budget,50,Hiking,24900.0,4150.0,102150.0
IND_00849,25-34,Male,20,50,City,4_Star,50,Museum,1660.0,4150.0,32430.0
IND_00850,45-54,Female,40,10,Nature,5_Star,75,Sightseeing,3320.0,6225.0,43635.0
IND_00851,25-34,Male,40,50,City,4_Star,40,Food Tour,3320.0,3320.0,34920.0
IND_00852,55-64,Male,200,50,Mountain,5_Star,50,Museum,16600.0,4150.0,77250.0
IND_00853,35-44,Female,100,40,Beach,5_Star,20,Hiking,8300.0,1660.0,44880.0
IND_00854,45-54,Female,20,10,Nature,3_Star,40,Sightseeing,1660.0,3320.0,29940.0
IND_00855,45-54,Male,40,40,Beach,3_Star,50,Food Tour,3320.0,4150.0,37410.0
IND_00856,65+,Male,150,50,City,Budget,20,Water Sports,12450.0,1660.0,57330.0
IND_00857,25-34,Female,200,30,Mountain,4_Star,50,Water Sports,16600.0,4150.0,77250.0
IND_00858,25-34,Female,100,50,City,4_Star,20,Food Tour,8300.0,1660.0,44880.0
IND_00859,25-34,Male,100,10,Beach,4_Star,75,Sightseeing,8300.0,6225.0,58575.0
IND_00860,25-34,Male,80,50,City,3_Star,50,Museum,6640.0,4150.0,47370.0
IND_00861,35-44,Female,200,10,City,Budget,30,Museum,16600.0,2490.0,72270.0
IND_00862,65+,Female,60,40,Beach,3_Star,30,Food Tour,4980.0,2490.0,37410.0
IND_00863,65+,Female,300,20,City,3_Star,75,Sightseeing,24900.0,6225.0,108375.0
IND_00864,35-44,Male,200,20,Beach,3_Star,75,Water Sports,16600.0,6225.0,83475.0
IND_00865,35-44,Male,300,40,Beach,Budget,100,Museum,24900.0,8300.0,114600.0
IND_00866,45-54,Female,150,20,City,5_Star,75,Food Tour,12450.0,6225.0,71025.0
IND_00867,55-64,Female,60,50,Beach,3_Star,30,Sightseeing,4980.0,2490.0,37410.0
IND_00868,25-34,Female,150,30,Beach,4_Star,20,Sightseeing,12450.0,1660.0,57330.0
IND_00869,35-44,Male,80,30,Beach,Budget,50,Museum,6640.0,4150.0,47370.0
IND_00870,45-54,Male,300,10,Mountain,5_Star,10,Food Tour,24900.0,830.0,92190.0
IND_00871,25-34,Female,300,30,City,5_Star,10,Sightseeing,24900.0,830.0,92190.0
IND_00872,25-34,Male,20,10,Beach,3_Star,40,Water Sports,1660.0,3320.0,29940.0
IND_00873,65+,Female,200,40,Historic,Budget,100,Food Tour,16600.0,8300.0,89700.0
IND_00874,65+,Male,150,20,Beach,4_Star,30,Museum,12450.0,2490.0,59820.0
IND_00875,55-64,Female,100,30,City,4_Star,50,Water Sports,8300.0,4150.0,52350.0
IND_00876,45-54,Female,300,30,Beach,4_Star,10,Food Tour,24900.0,830.0,92190.0
IND_00877,25-34,Male,20,5,City,3_Star,50,Museum,1660.0,4150.0,32430.0
IND_00878,25-34,Male,300,40,City,5_Star,40,Sightseeing,24900.0,3320.0,99660.0
IND_00879,35-44,Male,20,50,Mountain,4_Star,10,Sightseeing,1660.0,830.0,22470.0
IND_00880,35-44,Male,40,40,City,3_Star,30,Museum,3320.0,2490.0,32430.0
IND_00881,35-44,Male,150,10,City,4_Star,100,Museum,12450.0,8300.0,77250.0
IND_00882,35-44,Male,200,30,Beach,3_Star,20,Sightseeing,16600.0,1660.0,69780.0
IND_00883,25-34,Female,300,5,Beach,3_Star,100,Sightseeing,24900.0,8300.0,114600.0
IND_00884,45-54,Male,20,30,Mountain,3_Star,30,Sightseeing,1660.0,2490.0,27450.0
IND_00885,25-34,Male,200,20,City,3_Star,30,Hiking,16600.0,2490.0,72270.0
IND_00886,25-34,Male,150,50,City,4_Star,10,Food Tour,12450.0,830.0,54840.0
IND_00887,18-24,Male,80,30,Beach,3_Star,10,Museum,6640.0,830.0,37410.0
IND_00888,18-24,Male,150,5,City,3_Star,100,Museum,12450.0,8300.0,77250.0
IND_00889,45-54,Male,80,50,Beach,3_Star,30,Hiking,6640.0,2490.0,42390.0
IND_00890,25-34,Female,80,30,Beach,3_Star,75,Museum,6640.0,6225.0,53595.0
IND_00891,25-34,Male,40,50,Beach,Budget,10,Sightseeing,3320.0,830.0,27450.0
IND_00892,45-54,Female,60,5,City,4_Star,20,Water Sports,4980.0,1660.0,34920.0
IND_00893,35-44,Male,150,10,Historic,4_Star,40,Hiking,12450.0,3320.0,62310.0
IND_00894,18-24,Male,40,5,Beach,5_Star,40,Hiking,3320.0,3320.0,34920.0
IND_00895,25-34,Female,200,10,City,4_Star,75,Water Sports,16600.0,6225.0,83475.0
IND_00896,18-24,Female,60,20,City,4_Star,50,Sightseeing,4980.0,4150.0,42390.0
IND_00897,35-44,Male,300,30,Beach,3_Star,40,Sightseeing,24900.0,3320.0,99660.0
IND_00898,25-34,Male,20,20,Beach,Budget,40,Food Tour,1660.0,3320.0,29940.0
IND_00899,18-24,Male,60,20,Beach,3_Star,75,Sightseeing,4980.0,6225.0,48615.0
IND_00900,18-24,Male,60,40,Historic,3_Star,50,Sightseeing,4980.0,4150.0,42390.0
IND_00901,35-44,Male,100,20,City,3_Star,100,Museum,8300.0,8300.0,64800.0
IND_00902,18-24,Male,100,40,Beach,3_Star,100,Sightseeing,8300.0,8300.0,64800.0
IND_00903,45-54,Male,20,5,Historic,3_Star,100,Sightseeing,1660.0,8300.0,44880.0
IND_00904,18-24,Male,100,40,Mountain,3_Star,100,Sightseeing,8300.0,8300.0,64800.0
IND_00905,35-44,Female,100,40,Beach,Budget,40,Water Sports,8300.0,3320.0,49860.0
IND_00906,25-34,Female,100,30,City,4_Star,10,Sightseeing,8300.0,830.0,42390.0
IND_00907,25-34,Male,100,10,Beach,4_Star,40,Hiking,8300.0,3320.0,49860.0
IND_00908,18-24,Male,150,5,Beach,4_Star,40,Museum,12450.0,3320.0,62310.0
IND_00909,45-54,Male,150,50,City,4_Star,100,Food Tour,12450.0,8300.0,77250.0
IND_00910,55-64,Male,20,5,Beach,4_Star,40,Hiking,1660.0,3320.0,29940.0
IND_00911,18-24,Female,150,5,City,4_Star,75,Museum,12450.0,6225.0,71025.0
IND_00912,18-24,Female,200,10,Beach,Budget,10,Hiking,16600.0,830.0,67290.0
IND_00913,55-64,Female,80,10,Nature,5_Star,20,Museum,6640.0,1660.0,39900.0
IND_00914,35-44,Other,60,10,Historic,3_Star,100,Water Sports,4980.0,8300.0,54840.0
IND_00915,18-24,Other,100,10,Mountain,4_Star,10,Museum,8300.0,830.0,42390.0
IND_00916,25-34,Female,40,20,Historic,Budget,100,Sightseeing,3320.0,8300.0,49860.0
IND_00917,35-44,Male,80,50,Beach,3_Star,50,Sightseeing,6640.0,4150.0,47370.0
IND_00918,45-54,Male,40,20,City,5_Star,50,Food Tour,3320.0,4150.0,37410.0
IND_00919,35-44,Male,60,5,Beach,Budget,75,Food Tour,4980.0,6225.0,48615.0
IND_00920,65+,Male,200,5,Beach,3_Star,20,Sightseeing,16600.0,1660.0,69780.0
IND_00921,35-44,Male,300,50,City,Budget,30,Sightseeing,24900.0,2490.0,97170.0
IND_00922,25-34,Female,80,5,Beach,Budget,10,Hiking,6640.0,830.0,37410.0
IND_00923,25-34,Male,300,50,Beach,5_Star,50,Food Tour,24900.0,4150.0,102150.0
IND_00924,25-34,Male,60,5,Beach,4_Star,20,Sightseeing,4980.0,1660.0,34920.0
IND_00925,25-34,Male,60,5,City,4_Star,50,Museum,4980.0,4150.0,42390.0
IND_00926,18-24,Male,300,5,Beach,3_Star,50,Sightseeing,24900.0,4150.0,102150.0
IND_00927,25-34,Male,100,50,City,Budget,30,Water Sports,8300.0,2490.0,47370.0
IND_00928,45-54,Female,100,5,Historic,4_Star,30,Food Tour,8300.0,2490.0,47370.0
IND_00929,18-24,Male,60,50,City,3_Star,30,Water Sports,4980.0,2490.0,37410.0
IND_00930,25-34,Female,150,5,City,3_Star,75,Hiking,12450.0,6225.0,71025.0
IND_00931,35-44,Male,300,40,Historic,3_Star,10,Museum,24900.0,830.0,92190.0
IND_00932,35-44,Male,40,20,City,3_Star,100,Museum,3320.0,8300.0,49860.0
IND_00933,45-54,Male,200,10,Beach,5_Star,40,Water Sports,16600.0,3320.0,74760.0
IND_00934,45-54,Female,80,40,Beach,4_Star,20,Hiking,6640.0,1660.0,39900.0
IND_00935,45-54,Female,60,40,Beach,Budget,20,Museum,4980.0,1660.0,34920.0
IND_00936,18-24,Male,60,20,City,3_Star,100,Food Tour,4980.0,8300.0,54840.0
IND_00937,25-34,Female,200,5,Mountain,4_Star,40,Sightseeing,16600.0,3320.0,74760.0
IND_00938,35-44,Male,40,10,Beach,3_Star,40,Museum,3320.0,3320.0,34920.0
IND_00939,25-34,Female,80,5,Beach,5_Star,40,Sightseeing,6640.0,3320.0,44880.0
IND_00940,18-24,Male,300,30,Beach,3_Star,30,Museum,24900.0,2490.0,97170.0
IND_00941,25-34,Male,80,20,Beach,3_Star,20,Sightseeing,6640.0,1660.0,39900.0
IND_00942,25-34,Female,40,30,City,3_Star,20,Sightseeing,3320.0,1660.0,29940.0
IND_00943,25-34,Male,300,30,City,4_Star,10,Water Sports,24900.0,830.0,92190.0
IND_00944,18-24,Male,20,40,Historic,3_Star,10,Water Sports,1660.0,830.0,22470.0
IND_00945,45-54,Male,300,20,Mountain,5_Star,50,Food Tour,24900.0,4150.0,102150.0
IND_00946,55-64,Male,80,10,City,Budget,75,Museum,6640.0,6225.0,53595.0
IND_00947,25-34,Female,150,30,City,3_Star,30,Museum,12450.0,2490.0,59820.0
IND_00948,55-64,Female,150,50,Beach,5_Star,50,Sightseeing,12450.0,4150.0,64800.0
IND_00949,18-24,Female,60,40,Mountain,3_Star,30,Hiking,4980.0,2490.0,37410.0
IND_00950,55-64,Male,60,10,City,Budget,75,Museum,4980.0,6225.0,48615.0
IND_00951,65+,Male,40,10,Mountain,Budget,75,Hiking,3320.0,6225.0,43635.0
IND_00952,18-24,Male,40,50,Beach,4_Star,20,Museum,3320.0,1660.0,29940.0
IND_00953,45-54,Male,20,40,City,3_Star,50,Water Sports,1660.0,4150.0,32430.0
IND_00954,65+,Male,20,30,Mountain,4_Star,75,Sightseeing,1660.0,6225.0,38655.0
IND_00955,55-64,Female,80,40,Mountain,4_Star,50,Sightseeing,6640.0,4150.0,47370.0
IND_00956,65+,Female,200,10,City,4_Star,50,Hiking,16600.0,4150.0,77250.0
IND_00957,35-44,Female,80,50,Beach,5_Star,20,Sightseeing,6640.0,1660.0,39900.0
IND_00958,18-24,Male,150,10,Beach,4_Star,30,Water Sports,12450.0,2490.0,59820.0
IND_00959,45-54,Male,60,50,Beach,Budget,10,Museum,4980.0,830.0,32430.0
IND_00960,35-44,Male,150,10,City,5_Star,20,Water Sports,12450.0,1660.0,57330.0
IND_00961,35-44,Male,100,10,Beach,3_Star,50,Museum,8300.0,4150.0,52350.0
IND_00962,25-34,Male,150,30,Historic,4_Star,50,Museum,12450.0,4150.0,64800.0
IND_00963,35-44,Male,150,20,City,3_Star,30,Sightseeing,12450.0,2490.0,59820.0
IND_00964,18-24,Male,200,50,Beach,Budget,100,Sightseeing,16600.0,8300.0,89700.0
IND_00965,45-54,Female,100,50,City,4_Star,40,Water Sports,8300.0,3320.0,49860.0
IND_00966,18-24,Male,60,50,Historic,4_Star,75,Water Sports,4980.0,6225.0,48615.0
IND_00967,45-54,Female,20,30,Nature,5_Star,30,Museum,1660.0,2490.0,27450.0
IND_00968,45-54,Male,200,50,Beach,3_Star,100,Food Tour,16600.0,8300.0,89700.0
IND_00969,25-34,Male,40,40,City,4_Star,100,Museum,3320.0,8300.0,49860.0
IND_00970,35-44,Male,20,10,Beach,3_Star,20,Sightseeing,1660.0,1660.0,24960.0
IND_00971,25-34,Male,80,30,City,4_Star,100,Sightseeing,6640.0,8300.0,59820.0
IND_00972,65+,Male,300,20,Beach,3_Star,50,Hiking,24900.0,4150.0,102150.0
IND_00973,45-54,Male,60,10,Mountain,3_Star,75,Sightseeing,4980.0,6225.0,48615.0
IND_00974,25-34,Female,100,40,City,4_Star,30,Museum,8300.0,2490.0,47370.0
IND_00975,18-24,Male,80,20,City,4_Star,10,Water Sports,6640.0,830.0,37410.0
IND_00976,25-34,Male,200,10,Historic,4_Star,30,Food Tour,16600.0,2490.0,72270.0
IND_00977,25-34,Male,200,50,City,5_Star,20,Museum,16600.0,1660.0,69780.0
IND_00978,55-64,Male,80,20,City,4_Star,30,Sightseeing,6640.0,2490.0,42390.0
IND_00979,45-54,Male,80,40,Beach,4_Star,40,Sightseeing,6640.0,3320.0,44880.0
IND_00980,25-34,Male,80,10,Historic,4_Star,50,Food Tour,6640.0,4150.0,47370.0
IND_00981,45-54,Other,150,20,Historic,3_Star,20,Sightseeing,12450.0,1660.0,57330.0
IND_00982,25-34,Female,150,20,Historic,3_Star,75,Sightseeing,12450.0,6225.0,71025.0
IND_00983,45-54,Female,60,20,Beach,5_Star,20,Water Sports,4980.0,1660.0,34920.0
IND_00984,25-34,Male,60,40,Historic,4_Star,40,Sightseeing,4980.0,3320.0,39900.0
IND_00985,35-44,Male,150,20,Beach,3_Star,75,Sightseeing,12450.0,6225.0,71025.0
IND_00986,55-64,Female,100,5,Historic,Budget,50,Sightseeing,8300.0,4150.0,52350.0
IND_00987,25-34,Male,150,5,Historic,3_Star,40,Sightseeing,12450.0,3320.0,62310.0
IND_00988,35-44,Male,20,5,Beach,4_Star,30,Food Tour,1660.0,2490.0,27450.0
IND_00989,65+,Male,300,50,City,5_Star,50,Sightseeing,24900.0,4150.0,102150.0
IND_00990,18-24,Female,200,5,Beach,4_Star,40,Food Tour,16600.0,3320.0,74760.0
IND_00991,18-24,Male,300,50,Beach,4_Star,100,Sightseeing,24900.0,8300.0,114600.0
IND_00992,35-44,Female,40,30,Nature,5_Star,20,Museum,3320.0,1660.0,29940.0
IND_00993,25-34,Female,100,5,Beach,3_Star,75,Sightseeing,8300.0,6225.0,58575.0
IND_00994,18-24,Male,100,20,Beach,Budget,10,Museum,8300.0,830.0,42390.0
IND_00995,25-34,Female,60,40,City,4_Star,100,Hiking,4980.0,8300.0,54840.0
IND_00996,45-54,Male,200,20,Historic,5_Star,40,Water Sports,16600.0,3320.0,74760.0
IND_00997,25-34,Male,20,40,City,3_Star,10,Sightseeing,1660.0,830.0,22470.0
IND_00998,25-34,Male,150,20,City,4_Star,100,Water Sports,12450.0,8300.0,77250.0
IND_00999,45-54,Other,100,20,City,5_Star,20,Museum,8300.0,1660.0,44880.0
IND_01000,35-44,Male,80,10,City,Budget,100,Water Sports,6640.0,8300.0,59820.0
